smiles,doi,inchlKEY,construction,architecture,complement,HOMO,LUMO,electrochemical_gap,optical_gap,PCE,V_OC,J_SC,fill_factor
Cc1ccc(-c2c3cc(-c4ccc(-c5sc(-c6cccs6)c6cc(S(C)(=O)=O)sc65)s4)sc3c(-c3ccc(C)s3)c3ccsc32)s1,10.1021/ar5000743,BOUZSMSNJFUUCG-UHFFFAOYSA-N,polymer,bulk,PC71BM,-5.04,-3.57,1.47,1.59,7.81,0.69,17.07,66.3
CN1c2ccccc2C(=C2c3ccc(-c4cccs4)cc3N(C)C2=O)C1=O,10.1039/C3PY01598J,PAPOKCOIPOLVSC-BNEIJSFPSA-N,polymer,bulk,PC71BM,nan,nan,nan,nan,3.0,0.89,5.4,63.0
Cc1cc(-c2cc3c4nsnc4c(-c4cc(C)c(-c5cccs5)s4)cc3c3nsnc32)sc1-c1cccs1,10.1021/ja210687r,IKPPCQWOLGDYAQ-UHFFFAOYSA-N,polymer,bulk,PC61BM,-5.16,-3.77,1.39,1.54,6.3,0.76,12.0,69.0
Cn1c2ccccc2c2ccc(-c3ccc(-c4ccc(C5=C(c6ccccc6)C(c6ccccc6)=C(c6ccc(-c7cccs7)s6)[Si]5(C)C)s4)s3)cc21,10.1021/ar900061z,LZAUYQACJPMHMN-UHFFFAOYSA-N,polymer,bulk,PC61BM,nan,nan,nan,2.0,1.51,0.75,4.68,44.5
Cc1cc(-c2c3cc(-c4cccs4)sc3c(-c3cc(C)c(C)s3)c3cc(-c4ccc(-c5ccc6c(c5F)N(C)C(=O)C6=C5c6cccc(F)c6N(C)C5=O)s4)sc32)sc1C,10.1039/C3PY01598J,RJIQMHRLDYGXFS-HYXXFLLTSA-N,polymer,bulk,PC71BM,-5.64,-3.98,1.66,nan,5.7,0.9,10.16,62.0
C#Cc1cc(OC)c(C#Cc2scc3nc(-c4ccccc4)c(-c4ccccc4)nc32)cc1OC,10.1021/ar900061z,YBMOZFSQSYNMDD-UHFFFAOYSA-N,polymer,bulk,PC61BM,-5.29,-3.36,1.93,1.57,1.34,0.7,4.45,43.0
Cc1csc(-c2ccc(-c3cc(C)c(-c4cc5c(s4)c(-c4ccc(C)cc4)c4ccsc4c5-c4ccc(C)cc4)s3)c3nsnc32)c1,10.1021/ar5000743,ABJPWIKLYFSDQY-UHFFFAOYSA-N,polymer,bulk,PC71BM,-5.35,-3.34,2.01,1.7,8.07,0.88,12.94,70.9
CC1=CC(c2cc(C)c(-c3ccc(-c4sc(-c5nc(C)c(-c6cccs6)s5)nc4C)s3)s2)=S=C1,10.1002/adma.201200721,SSOYCXLHUREIMW-UHFFFAOYSA-N,polymer,bulk,PC71BM,-5.2,-2.95,2.25,1.9,2.58,0.77,8.7,38.5
CN1C(=O)C2=C(c3ccc(-c4ccc(C(F)(F)F)cc4)s3)N(C)C(=O)C2=C1c1ccc(-c2ccc(C(F)(F)F)cc2)s1,10.1039/c1ee01544c,DHGNQNQFUASMGL-UHFFFAOYSA-N,molecule,bilayer,C60,-5.24,-3.5,1.74,1.77,0.3,0.48,1.91,35.0
CC1(C)c2ccccc2-c2ccc(N(c3ccc(-c4ccc(-c5ccc(C=CC=C(C#N)C(=O)O)s5)s4)cc3)c3ccc4c(c3)C(C)(C)c3ccccc3-4)cc21,10.1039/B908802D,AWLBICFKKKBAMJ-LIJKMXHMSA-N,molecule,DSSC,TiO2,nan,nan,nan,nan,4.78,0.64,10.52,70.0
C=Cc1ccc(N(c2ccccc2)c2ccc(-c3ccc(C=C4SC(=S)N(CC(=O)O)C4=O)s3)cc2)cc1,10.1039/B908802D,AXIJZURGRNHHPJ-OVVQPSECSA-N,molecule,DSSC,TiO2,nan,nan,nan,nan,2.3,0.44,10.5,50.0
N#CC(=Cc1ccc(-c2ccc(-c3ccc(N(c4ccccc4)c4ccccc4)cc3)s2)s1)C(=O)O,10.1021/jp801036s,AYFGFJMHBPOSIN-ZBJSNUHESA-N,molecule,DSSC,TiO2,nan,nan,nan,nan,6.15,0.63,16.0,63.0
Cc1cc[se]c1,10.1039/b9py00325h,QOWHXTFXZSVAPI-UHFFFAOYSA-N,polymer,bulk,PC61BM,-4.8,-3.0,1.8,1.6,2.7,0.52,nan,nan
Cc1nc(-c2nc(C)c(-c3ccc(C4=S=C5c6cc7c(cc6C(C)(C)C5=C4)-c4sccc4C7(C)C)s3)s2)sc1-c1cccs1,10.1002/adma.201200721,WLGCRYXWYMLODI-UHFFFAOYSA-N,polymer,bulk,PC71BM,-5.26,-2.8,2.46,2.0,2.77,0.9,7.43,41.4
Cc1ccc(C2(c3ccc(C)cc3)c3ccsc3-c3cc4c(cc32)-c2sc(-c3ccc(-c5ccc(-c6ccc(-c7ccc(-c8cccs8)s7)c7nsnc76)s5)s3)cc2C4(c2ccc(C)cc2)c2ccc(C)cc2)cc1,10.1021/ar900061z,QIEYQMXLTIZOAA-UHFFFAOYSA-N,polymer,bulk,PC61BM,-5.46,-3.56,1.9,1.76,3.87,0.84,8.7,53.0
O=C1c2ccccc2C(=O)C1=Cc1ccc(-c2ccc(N(c3ccc(-c4ccc(C=Cc5cccs5)s4)cc3)c3ccc(-c4ccc(C=Cc5cccs5)s4)cc3)cc2)s1,10.1021/ja058178e,BEFVHAFKWRAXAN-MBALSZOMSA-N,molecule,bulk,PC61BM,nan,nan,nan,nan,0.81,0.66,4.1,30.0
COc1cccc(-c2nc3c(-c4cccs4)ccc(-c4ccc(-c5cc6c(s5)c(-c5ccc(C)s5)c5ccsc5c6-c5ccc(C)s5)s4)c3nc2-c2cccc(OC)c2)c1,10.1021/ar5000743,SULPUKRJBHQFBE-UHFFFAOYSA-N,polymer,bulk,PC71BM,-5.12,-3.45,1.67,1.67,5.0,0.76,10.13,64.3
Cc1csc(C=Cc2cccc3nsnc32)c1C,nan,nan,nan,nan,nan,nan,nan,nan,nan,nan,nan,nan,nan
C=Cc1ccc2c3ccc(C=Cc4sc(-c5cc(C)cs5)cc4C)cc3n(-c3ccc(OC)cc3)c2c1,10.1039/C1EE01072G,XSCPXDQFHMVTBI-AWQADKOQSA-N,polymer,bulk,PC61BM,-5.49,-3.02,2.47,2.47,0.3,0.55,0.86,48.0
C=Cc1ccc2c3ccc(C=Cc4ccc(-c5ccc(C6=C(C)C(C)=C(c7ccc(-c8cccs8)s7)S6(=O)=O)s5)s4)cc3n(-c3ccc(OC)cc3)c2c1,10.1039/C1EE01072G,DZBWOSSXPUPLJL-QFMPWRQOSA-N,polymer,bulk,PC61BM,-5.5,-3.5,2.0,2.0,0.8,0.8,1.56,55.0
Cc1cc2cc3c(C#C[Si](C)(C)C)c4cc5sc(C)cc5cc4c(C#C[Si](C)(C)C)c3cc2s1,10.1021/cm102189g,SXJYBCLSWCIEOC-UHFFFAOYSA-N,molecule,bulk,PC61BM,nan,nan,nan,nan,1.0,0.84,2.96,40.0
CC1(C)c2ccsc2-c2cc3c(cc21)-c1sc(-c2ccc(-c4nc5sc(-c6cccs6)nc5s4)s2)cc1C3(C)C,10.1002/adma.201200721,SJGGJDIBAHYGIF-UHFFFAOYSA-N,polymer,bulk,PC71BM,-5.21,-2.94,2.27,1.83,5.79,0.89,13.3,48.9
C=Cc1ccc2c3ccc(C=Cc4sc(-c5ccc(-c6ccc(-c7cc(C)cs7)s6)s5)cc4C)cc3n(-c3ccc(OC)cc3)c2c1,10.1039/C1EE01072G,NUIVFCQTRVSXQD-AWQADKOQSA-N,polymer,bulk,PC61BM,-5.4,-2.96,2.44,2.44,0.2,0.5,0.76,43.0
COc1c(OC)c(-c2ccc(-c3cc4c(s3)c(-c3ccc(C)s3)c3ccsc3c4C3=S=C(C)C=C3)s2)c2nsnc2c1-c1cccs1,10.1021/ar5000743,MBZDNCWHVNANOX-UHFFFAOYSA-N,polymer,bulk,PC71BM,-5.27,-3.48,1.79,1.79,4.9,0.96,9.1,51.8
N#CC(=Cc1ccc(-c2ccc(-c3ccc(C=C(C#N)c4ccc([N+](=O)[O-])cc4)s3)c3c2C(=O)OC3=O)s1)c1ccc([N+](=O)[O-])cc1,10.1021/jp101945z,BZAMMPOBDDSWKH-YHARCJFQSA-N,molecule,DSSC,TiO2,-5.4,-3.7,1.7,1.64,4.52,0.67,11.24,60.0
COC(=O)C(C#N)=Cc1cc(C)c(-c2ccc(-c3sc(-c4cc5c(s4)-c4sc(-c6cc(C)c(-c7ccc(C8=S=C(C=C(C#N)C(=O)OC)C=C8C)s7)s6)cc4[Si]5(C)C)cc3C)s2)s1,10.1021/ar400088c,BNUAOQUUATXJGN-XKPUTXIDSA-N,molecule,bulk,PC61BM,-4.95,-3.26,1.69,1.73,5.84,0.8,11.51,64.0
CN1C(=O)C2=C(c3ccc(-c4ccccc4)s3)N(C)C(=O)C2=C1c1cccs1,10.1039/C1EE01072G,REQJMHXZAZJHBR-UHFFFAOYSA-N,polymer,bulk,PC71BM,-5.35,-3.53,1.82,1.53,5.5,0.8,10.3,65.0
Cc1ccc(-c2ccc(-c3cnc(-c4cc5c(s4)-c4sc(-c6ncc(-c7ccc(-c8ccc(C)s8)s7)c7nsnc76)cc4[Si]5(C)C)c4nsnc43)s2)s1,10.1021/ar400088c,NOJURONZIGXBEP-UHFFFAOYSA-N,molecule,bulk,PC71BM,-5.2,-3.6,1.6,1.5,6.7,0.78,14.4,59.3
CC1(C)c2ccccc2-c2ccc(-c3ccc(-c4ccc(-c5ccc(C6=C(c7ccccc7)C(c7ccccc7)=C(c7ccc(-c8ccc(C9=S=CC=C9)s8)s7)[Si]6(C)C)s5)s4)s3)cc21,10.1021/ar900061z,DZUHMZCKLKOXTD-UHFFFAOYSA-N,polymer,bulk,PC61BM,-5.2,nan,nan,1.95,1.67,0.75,4.57,48.6
COCc1cc2csc(-c3cc4c(s3)c(OC)c3ccsc3c4OC)c2s1,10.1039/b9py00325h,WECOFPGFMYSYAR-UHFFFAOYSA-N,polymer,bulk,PC71BM,-5.1,-3.6,1.5,1.6,6.58,0.7,14.7,64.0
Cn1c2ccccc2c2ccc(-c3ccc(-c4cnc(-c5cccs5)c5nsnc54)s3)cc21,10.1039/C1EE01072G,NKVPLJSLBPFXKV-UHFFFAOYSA-N,polymer,bulk,PC61BM,-5.53,-3.8,1.73,1.75,0.7,0.71,2.9,32.0
COc1c2ccsc2c(OC)c2cc(-c3sc(-c4sc(-c5cc(C)cs5)c5c4C(=O)N(C)C5=O)cc3C)sc21,10.1039/C1EE01072G,WOWIBLFSUKCZNA-UHFFFAOYSA-N,polymer,bulk,PC61BM,-5.695,-3.805,1.89,1.875,3.1,0.92,2.3,34.0
CC1(C)CC(C=Cc2ccc(N(c3ccc(N(c4ccccc4)c4ccccc4)cc3)c3ccc(N(c4ccccc4)c4ccccc4)cc3)cc2)=CC(=C(C#N)C(=O)O)C1,10.1021/jo800159t,CMDZVBNVKSCGHV-FDMGRTMBSA-N,molecule,DSSC,TiO2,-4.71,-2.48,2.23,nan,2.87,0.567,9.05,56.0
COc1c2cc(C)sc2c(OC)c2cc(-c3ccc(-c4sc(-c5ccc(C)s5)c5c4C(=O)N(C)C5=O)s3)sc21,10.1039/C1EE01072G,JURSVOCVDQFFLU-UHFFFAOYSA-N,polymer,bulk,PC61BM,nan,nan,nan,1.84,0.9,0.76,2.9,43.0
Cc1c2ccsc2c(C)c2cc(-c3ccc(-c4cnc(-c5cccs5)c5nsnc54)s3)sc21,10.1002/anie.201003357,IJTHDYMENLOIGP-UHFFFAOYSA-N,polymer,bulk,PC61BM,-5.47,-3.44,2.03,nan,6.32,0.85,12.78,58.2
CC(=O)c1cc2c(csc2-c2cc3c(s2)c(C)c2ccsc2c3C)s1,10.1039/c1jm11229e,FWYPOVDLSCYLJZ-UHFFFAOYSA-N,polymer,bulk,PC61BM,-5.22,-3.41,1.81,1.63,4.7,0.77,9.5,64.0
Cc1cc(-c2ccc(N(c3ccccc3)c3ccccc3)cc2)sc1-c1cnc(-c2ncc(-c3sc(-c4ccc(N(c5ccccc5)c5ccccc5)cc4)cc3C)s2)s1,10.1002/adma.201200721,LSRSOVFIQRNAMN-UHFFFAOYSA-N,molecule,bulk,PC71BM,-5.27,-3.05,2.22,2.22,1.3,0.97,4.63,29.0
Cc1nc(-c2nc(C)c(-c3ccc(-c4cc5c(s4)-c4sccc4[Si]5(C)C)s3)s2)sc1-c1cccs1,10.1002/adma.201200721,LXOCPBPCMCHUFZ-UHFFFAOYSA-N,polymer,bulk,PC71BM,-5.18,-3.09,2.09,1.85,2.86,0.68,7.85,53.5
Cc1ccc(C2(c3ccc(C)cc3)c3ccsc3-c3cc4c(cc32)-c2sc(-c3cccc5nc6c7ccsc7c7sccc7c6nc53)cc2C4(c2ccc(C)cc2)c2ccc(C)cc2)cc1,10.1021/ma2008699,VMFCLWIREUPSSO-UHFFFAOYSA-N,polymer,bulk,PC71BM,-5.23,-3.53,1.7,1.61,6.06,0.83,11.6,63.0
COc1ccc(N(c2ccc(C=Cc3cc4c(s3)-c3sc(C=C(C#N)C(=O)O)cc3C4(C)C)cc2)c2ccc(OC)cc2)cc1,10.1039/c1ee01849c,YJNIVUNEKCGOGY-VHWBVVTCSA-N,molecule,DSSC,TiO2,nan,nan,nan,nan,7.4,0.66,14.85,75.0
Cn1c2ccsc2c2sc(-c3ccc(-c4ccc(-c5cccs5)c5nsnc54)s3)cc21,10.1021/ar900061z,VWSABRSNELBHLV-UHFFFAOYSA-N,polymer,bulk,PC61BM,-5.0,-3.43,1.57,1.46,2.17,0.52,9.47,44.0
Cc1nc(-c2nc(C)c(-c3ccc(N(c4ccccc4)c4ccccc4)cc3)s2)sc1-c1ccc(N(c2ccccc2)c2ccccc2)cc1,10.1002/adma.201200721,KCTYWEWDJUBVCZ-UHFFFAOYSA-N,molecule,bulk,PC71BM,-5.42,-2.48,2.94,2.58,0.73,0.71,3.42,30.1
CC1(C)c2ccsc2-c2cc3c(cc21)-c1sc(-c2ccc(-c4ccc(-c5cccs5)c5nsnc54)s2)cc1C3(C)C,10.1021/cm2019586,KPEPURNRRCAANU-UHFFFAOYSA-N,polymer,bulk,PC71BM,-5.24,-3.1,2.14,1.68,6.17,0.82,13.27,56.7
c1csc(-c2cc(-c3cccs3)c(-c3cccs3)s2)c1,10.1021/jp210822s,DCPXRPFZUQQHBW-UHFFFAOYSA-N,polymer,bulk,PC61BM,-5.24,-2.72,2.52,nan,0.61,0.568,3.22,33.0
CN1c2ccccc2C(=C2c3ccc(-c4cc5c(s4)-c4sccc4[Si]5(C)C)cc3N(C)C2=O)C1=O,10.1039/C3PY01598J,LHAUPLIRSOOAQZ-KSSWCAPESA-N,polymer,bulk,PC71BM,nan,nan,nan,nan,2.62,0.76,8.26,42.0
CC1(C)c2ccccc2-c2ccc(N(c3ccc(-c4ccc(C=C(C#N)C(=O)O)s4)cc3)c3ccc4c(c3)C(C)(C)c3ccccc3-4)cc21,10.1039/B908802D,DJDFLYYVQLRAPV-UHFFFAOYSA-N,molecule,DSSC,TiO2,nan,nan,nan,nan,7.2,0.764,12.2,77.0
COc1ccc(C=Cc2ccc(C=Cc3cc(C)c(C=Cc4ccc(C=Cc5cc(C)c(C=Cc6ccc(C=Cc7cc(C)c(C=O)cc7C)s6)cc5C)s4)cc3C)s2)cc1,10.1016/j.solmat.2010.07.003,YCIDZSLTHWQJNB-UFUXLKRISA-N,molecule,bulk,PC61BM,nan,nan,nan,nan,0.47,0.5,2.64,34.0
COc1ccc(N(c2ccc(C=Cc3ccc(C=C(C#N)C(=O)O)s3)cc2)c2ccc(OC)cc2)cc1,10.1039/B908802D,DKKBREGTPAQIFE-WFGWUYQYSA-N,molecule,DSSC,TiO2,nan,nan,nan,nan,6.9,0.694,14.0,71.0
Cc1cc(C=C2C(=O)c3ccccc3C2=O)sc1-c1cc(C)c(-c2cc(C)c(-c3ccc(-c4sc(-c5sc(C6=S=C(C=C7C(=O)c8ccccc8C7=O)C=C6C)cc5C)cc4C)s3)s2)s1,10.1021/ar400088c,VWVKCHBOTKRYGY-UHFFFAOYSA-N,molecule,bulk,PC61BM,-4.97,-3.44,1.53,1.49,4.93,0.8,8.56,72.0
CC(=O)c1sc2csc(-c3cc4c(s3)c(C)c3ccsc3c4C)c2c1F,10.1039/c1jm11229e,WPQCMXZUXLWZCN-UHFFFAOYSA-N,polymer,bulk,PC61BM,-5.34,-3.53,1.81,1.65,3.9,0.86,7.3,62.0
Cc1cc2c3ccsc3c3sc(-c4ccc(-c5cnc(-c6cccs6)c6nsnc65)s4)cc3c2cc1C,10.1002/anie.201003357,KNCSYGWYZYZUOK-UHFFFAOYSA-N,polymer,bulk,PC61BM,-5.36,-3.42,1.94,nan,6.2,0.71,14.16,61.7
COC(=O)c1sc2csc(-c3cc4c(s3)c(OC)c3ccsc3c4OC)c2c1F,10.1021/ja108601g,AFEMPLXXLSJBFN-UHFFFAOYSA-N,polymer,bulk,PC61BM,-5.15,-3.31,1.84,1.68,7.2,0.74,14.1,68.9
COc1ccc(N(c2ccc(OC)cc2)c2ccc(C(=Cc3ccc(C=C(C#N)C(=O)O)s3)c3ccc(N(c4ccc(OC)cc4)c4ccc(OC)cc4)cc3)cc2)cc1,10.1039/B908802D,DSNGEQVJIRBBMG-XKMRCYARSA-N,molecule,DSSC,TiO2,nan,nan,nan,nan,7.03,0.744,13.5,70.0
C=Cc1sccc1C(=O)OC,10.1039/b9py00325h,GIEHWMVNTSPUFI-UHFFFAOYSA-N,polymer,bulk,PC61BM,-5.3,-3.6,1.7,1.7,2.01,0.86,5.47,43.0
N#CC(=Cc1ccc(N(c2ccccc2)c2ccccc2)cc1)C(=O)O,10.1039/B908802D,DTGGJUIFYJXAJI-OBGWFSINSA-N,molecule,DSSC,TiO2,nan,nan,nan,nan,3.3,0.77,6.3,67.0
COc1c2sccc2c2cc(-c3cc(C)c(-c4nc5sc(-c6sccc6C)nc5s4)s3)sc2c1OC,10.1002/adma.201200721,QEVJWBKFMQSRPS-UHFFFAOYSA-N,polymer,bulk,PC71BM,-5.19,-2.9,2.29,1.91,3.4,0.9,5.5,68.7
COC(=O)C(C#N)=Cc1cc(C)c(-c2ccc(-c3sc(-c4ccc5c6ccc(-c7cc(C)c(-c8ccc(-c9sc(C=C(C#N)C(=O)OC)cc9C)s8)s7)cc6n(C)c5c4)cc3C)s2)s1,10.1016/j.orgel.2014.06.012,IAYAFSRQMGWLJQ-JDRNCQTESA-N,molecule,bulk,PC61BM,-5.14,-3.21,1.93,1.92,3.63,0.97,6.15,61.0
Cc1ccsc1-c1sc(-c2sc(-c3ccc4c(c3)C(C)(C)c3ccccc3-4)cc2C)c2nc3c(nc21)-c1cccc2cccc-3c12,10.1021/cm900788e,KYQDHQUNAXAEPS-UHFFFAOYSA-N,polymer,bulk,PC61BM,-4.96,-3.36,1.6,nan,0.72,0.595,2.5,48.0
Cc1ccc(C2(c3ccc(C)cc3)c3ccsc3-c3cc4c(cc32)-c2sc(-c3ccc(-c5ccc(C6=C7C(=O)N(C)C(c8cccs8)=C7C(=O)N6C)s5)s3)cc2C4(c2ccc(C)cc2)c2ccc(C)cc2)cc1,10.1039/C1EE01072G,QKSYQURVUYMYAP-UHFFFAOYSA-N,polymer,bulk,PC71BM,nan,nan,nan,1.4,4.2,0.75,10.3,54.0
COC(=O)c1cc2c(csc2-c2cc3c(s2)c(OC)c2ccsc2c3OC)s1,10.1021/ar900061z,IEMHIHBGXPXQKN-UHFFFAOYSA-N,polymer,bulk,PC71BM,-4.955,-3.22,1.735,1.62,5.32,0.56,15.0,63.3
COc1ccsc1-c1sc(-c2scc3c2C(=O)N(C)C3=O)cc1OC,10.1039/C1EE01072G,KMPHGAVWJUCFHX-UHFFFAOYSA-N,polymer,bulk,PC71BM,-4.95,-3.44,1.51,1.5,1.4,0.41,7.39,48.0
COc1c2ccsc2c(OC)c2cc(-c3cc(C)c(-c4sc(-c5sccc5C)c5c4C(=O)N(C)C5=O)s3)sc21,10.1039/C1EE01072G,FQTZTSVIHOQWAK-UHFFFAOYSA-N,polymer,bulk,PC61BM,-5.55333333333,-3.72666666667,1.82666666667,1.87,3.9,0.89,7.6,57.0
Cc1nc2c3ccsc3c3sc(-c4ccc(-c5cnc(C6=S=CC=C6)c6nsnc65)s4)cc3c2nc1C,10.1002/anie.201003357,DCULVCLNXVLJRJ-UHFFFAOYSA-N,polymer,bulk,PC61BM,-5.5,-3.44,2.06,nan,5.57,0.75,13.49,55.1
COc1cccc2c1ccc(-c1ccc(-c3ccc(-c4cccs4)c4nsnc43)s1)c2OC,10.1016/j.solmat.2011.01.028,UTKCJVHQPAXUCG-UHFFFAOYSA-N,polymer,bulk,PC71BM,-5.41,-3.66333333333,1.74666666667,1.85666666667,4.15,0.83,10.0,50.4
CC1(C)c2cc(-c3ccc(-c4ccc(C=C(C#N)C#N)s4)s3)ccc2-c2ccc(N(c3ccccc3)c3ccccc3)cc21,10.1039/B908802D,OMKDHWJRYJDLMS-UHFFFAOYSA-N,molecule,bilayer,PC61BM,nan,nan,nan,nan,1.56,0.89,4.92,36.0
Cc1ccc(-c2sc(-c3ccc(-c4ccc(N(c5ccc(-c6ccc(-c7sc(-c8ccc(C)s8)c8c7OCCO8)s6)cc5)c5ccc(-c6ccc(-c7sc(-c8ccc(C)s8)c8c7OCCO8)s6)cc5)cc4)s3)c3c2OCCO3)s1,10.1016/j.solmat.2010.07.003,HHXBFQLBTCRIHH-UHFFFAOYSA-N,molecule,bilayer,PC61BM,nan,nan,nan,nan,0.04,0.43,0.4,22.0
Cn1c2ccccc2c2cc(-c3cc4c(s3)-c3sc(C=C(C#N)C(=O)O)cc3C4(C)C)ccc21,10.1039/c1ee02432a,SIAHOSGCAGQSDJ-GDWJVWIDSA-N,molecule,DSSC,TiO2,nan,nan,nan,nan,7.6,0.87,11.41,77.0
Cn1c2ccccc2c2ccc(-c3ccc(-c4nnc(-c5cccs5)c5nccnc45)s3)cc21,10.1039/C1EE01072G,CKUIOPHFWPLFHL-UHFFFAOYSA-N,polymer,bulk,PC61BM,-5.73,-3.88,1.85,1.91,0.1,0.66,0.55,35.0
CC(=O)c1cc2csc(-c3cc4c(s3)c(-c3ccc(C)s3)c3ccsc3c4-c3ccc(C)s3)c2s1,10.1002/anie.201103313,PSANYSZMGMJDJZ-UHFFFAOYSA-N,polymer,bulk,PC71BM,-5.11,-3.25,1.86,1.58,7.59,0.74,17.48,58.7
COc1ccc(N(c2ccc(OC)cc2)c2ccc(-c3ccc(C=C(C#N)C(=O)O)s3)cc2)cc1,10.1039/c1ee01849c,UNYCGLQNDUUZFN-KDJFERLWSA-N,molecule,DSSC,TiO2,nan,nan,nan,nan,6.4,0.78,10.85,76.0
Cc1cc(-c2c3ccsc3c(-c3cc(C)c(C)s3)c3cc(-c4ccc5c(c4)N(C)C(=O)C5=C4c5ccccc5N(C)C4=O)sc32)sc1C,10.1039/C3PY01598J,HRXJRWPIUGGKCT-SHPMXRCFSA-N,polymer,bulk,PC71BM,-5.71,-3.96,1.75,1.56,3.94,0.94,8.22,51.0
Cn1c(-c2ccc(C=C(C#N)C(=O)O)s2)ccc1-c1ccc2c(c1)C(C)(C)c1cc(N(c3ccccc3)c3cccc4ccccc43)ccc1-2,10.1021/jp801036s,LZHJTRGIVRHOSZ-HMZBKAONSA-N,molecule,DSSC,TiO2,-5.15,-2.93,2.22,nan,6.18,0.64,16.79,58.0
Cn1c(-c2ccc(C=C(C#N)C(=O)O)s2)ccc1-c1ccc2c(c1)C(C)(C)c1cc(N(c3ccccc3)c3cccc4ccccc43)ccc1-2,10.1039/B908802D,LZHJTRGIVRHOSZ-UHFFFAOYSA-N,molecule,DSSC,TiO2,nan,nan,nan,nan,6.18,0.64,16.79,58.0
Cn1c2ccccc2c2ccc(-c3ccc(C4=C5C(=O)N(C)C(c6cccs6)=C5C(=O)N4C)s3)cc21,10.1039/C1EE01072G,AXCVLODRGXNJPJ-UHFFFAOYSA-N,polymer,bulk,PC71BM,nan,nan,nan,1.58,3.8,0.77,9.1,55.0
C=Cc1ccc(N(c2ccccc2)c2ccc(C=C3SC(=S)N(CC(=O)O)C3=O)cc2)cc1,10.1039/B908802D,GAMNABROEVYBCW-KQWNVCNZSA-N,molecule,DSSC,TiO2,nan,nan,nan,nan,5.84,0.563,18.2,57.0
CC1(C)c2ccccc2-c2ccc(-c3ccc(-c4ccc(C5=C(c6ccccc6)C(c6ccccc6)=C(c6ccc(-c7cccs7)s6)[Si]5(C)C)s4)s3)cc21,10.1021/ar900061z,YTVGZHKUYZNPRY-UHFFFAOYSA-N,polymer,bulk,PC61BM,-5.09,nan,nan,1.98,1.97,0.75,6.14,44.7
COc1c2ccsc2c(OC)c2cc(-c3scc4sc(C(C)=O)cc43)sc21,10.1039/C1EE01072G,GOVSFTKDSNSBLY-UHFFFAOYSA-N,polymer,bulk,PC61BM,-5.12,-3.55,1.57,nan,6.6,0.7,14.7,64.0
N#CC(=Cc1ccc(C=Cc2ccc(N(c3ccccc3)c3ccccc3)cc2)s1)C(=O)O,10.1039/B908802D,GFEOIXQQLXAANX-NDQKCQEPSA-N,molecule,DSSC,TiO2,nan,nan,nan,nan,5.1,0.66,11.9,68.0
N#CC(=CC=Cc1ccc(N(c2ccccc2)c2ccccc2)cc1)C(=O)O,10.1039/B908802D,GGWRNMPYTNCJIV-GYZJEQCASA-N,molecule,DSSC,TiO2,nan,nan,nan,nan,5.3,0.73,11.1,66.0
COc1c2ccsc2c(OC)c2c1=S=C(c1ccc(-c3sc(-c4nc(C)c(-c5cccs5)s4)nc3C)s1)C=2,10.1002/adma.201200721,RBBURVNHAMVHHV-UHFFFAOYSA-N,polymer,bulk,PC71BM,-5.27333333333,-2.9,2.37333333333,1.95,3.82,0.86,7.84,57.0
Cn1c2cc(C=C(C#N)C#N)sc2c2sc(C=C(C#N)C#N)cc21,10.1016/j.solmat.2010.08.032,RDSFDDGWYBBTAF-UHFFFAOYSA-N,molecule,bulk,C60,nan,nan,nan,2.0,0.24,0.515,1.21,39.0
Cc1csc(C#Cc2cccc3nsnc32)c1C,nan,nan,nan,nan,nan,nan,nan,nan,nan,nan,nan,nan,nan
Cc1ccc(-c2c3ccsc3c(-c3ccc(C)s3)c3cc(-c4ccc(-c5nc6sc(-c7cccs7)nc6s5)s4)sc32)s1,10.1002/adma.201200721,XDKAKYCIDMOBTP-UHFFFAOYSA-N,polymer,bulk,PC71BM,-5.3,-3.2,2.1,2.0,5.22,0.85,10.4,59.0
CN1C(=O)c2csc(-c3cc4c(s3)-c3sccc3C4(C)C)c2C1=O,10.1002/adfm.201100708,MSTSCTIMARBQJN-UHFFFAOYSA-N,polymer,bulk,PC71BM,-5.198,-3.534,1.664,1.606,6.09,0.79,13.0,59.1
COc1c2ccsc2c(OC)c2cc(-c3sc(C4=S=Cc5ccccc54)c4ccccc43)sc21,10.1021/jp208775x,XNFPVSRULLZEEV-UHFFFAOYSA-N,polymer,bulk,PC61BM,-5.1,-3.8,1.3,1.3,0.07,0.27,1.04,25.0
COc1ccc(-c2nc3c(-c4cccs4)ccc(-c4ccc(-c5ccc6c7ccccc7n(C)c6c5)s4)c3nc2-c2ccc(OC)cc2)cc1,10.1021/ma102943g,BNMHYWFREHRPNI-UHFFFAOYSA-N,polymer,bulk,PC71BM,-5.31,-3.37,1.94,nan,4.0,0.82,9.96,49.0
Cc1ccc(-c2c3sc4cc(-c5scc6cc(S(C)(=O)=O)sc65)sc4c3c(-c3ccc(C)s3)c3sc4ccsc4c32)s1,10.1021/ar5000743,RKLYNKKJNRQNTE-UHFFFAOYSA-N,polymer,bulk,PC71BM,-5.21,nan,nan,1.59,7.79,0.73,16.63,64.13
C#Cc1cc2c(s1)-c1sc(C#Cc3scc4nc(-c5ccccc5)c(-c5ccccc5)nc34)cc1C2(C)C,10.1016/j.solmat.2010.05.042,XPELRDLPYAEJSA-UHFFFAOYSA-N,polymer,bulk,PC61BM,nan,nan,nan,nan,1.34,0.82,4.11,40.0
COc1c2ccsc2c(OC)c2cc(-c3scc4cc(C(C)=O)sc43)sc21,10.1039/C1EE01072G,LMFYGHWXRNJQJH-UHFFFAOYSA-N,polymer,bulk,PC71BM,-5.07,-3.21,1.86,1.605,6.6,0.7,14.7,64.0
COc1ccc(N(c2ccc(OC)cc2)c2ccc(-c3ccc(C=C(C#N)C(=O)O)o3)cc2)cc1,10.1039/B908802D,STILBYNGBYWSQD-IKPAITLHSA-N,molecule,DSSC,TiO2,nan,nan,nan,nan,7.17,0.794,12.08,74.8
CSc1ccc(-c2ccc(-c3csc(-c4cc(-c5ccc(-c6ccc(SC)s6)s5)sc4-c4sc(-c5ccc(-c6ccc(SC)s6)s5)cc4-c4ccc(-c5ccc(-c6ccc(SC)s6)s5)s4)c3)s2)s1,10.1016/j.solmat.2010.07.003,GABQXJIHAOISJB-UHFFFAOYSA-N,molecule,bulk,PC61BM,nan,nan,nan,nan,0.2,0.51,1.33,nan
C=Cc1cc(OC)ccc1OC,10.1039/b9py00325h,GLUDROWHQDVMCA-UHFFFAOYSA-N,polymer,bulk,PC61BM,-5.4,nan,nan,nan,3.1,0.71,6.2,70.0
COc1c2ccsc2c(OC)c2c1=S=C(c1cc(C)c(-c3sc(-c4nc(C)c(-c5sccc5C)s4)nc3C)s1)C=2,10.1002/adma.201200721,UDYWWABZJBFONB-UHFFFAOYSA-N,polymer,bulk,PC71BM,-5.95,-2.63,3.32,1.99,0.09,0.76,0.44,25.4
COc1c2ccsc2c(OC)c2cc(-c3scc4sc(C(C)=O)c(F)c43)sc21,10.1039/C1EE01072G,DKHCJQSWBUZVRC-UHFFFAOYSA-N,polymer,bulk,PC71BM,-5.22,-3.45,1.77,nan,7.7,0.76,15.2,67.0
CC1(C)c2cc(C=C(C#N)c3ccc(C=C(C#N)C(=O)O)s3)ccc2-c2ccc(N(c3ccccc3)c3ccccc3)cc21,10.1039/B908802D,DJWAMQPIDNHZPT-RCXPEZBOSA-N,molecule,DSSC,TiO2,nan,nan,nan,nan,4.34,0.58,11.0,69.0
Cc1ccc(-c2ccc(-c3c4cc(-c5cc(C)c(-c6ccc(-c7sc(C=C8SC(=S)N(C)C8=O)cc7C)s6)s5)sc4c(-c4ccc(-c5ccc(C)s5)s4)c4cc(-c5cc(C)c(-c6ccc(-c7sc(C=C8SC(=S)N(C)C8=O)cc7C)s6)s5)sc43)s2)s1,10.1021/ar400088c,BDBGKVIOEOJOHV-ORKKNUIJSA-N,molecule,bulk,PC71BM,-5.07,-3.29,1.78,1.76,7.58,0.9,11.97,70.4
Cc1ccc(C2(c3ccc(C)cc3)c3ccsc3-c3cc4c(cc32)-c2sc(-c3ccc(-c5ccc(-c6cccs6)c6nsnc65)s3)cc2C4(c2ccc(C)cc2)c2ccc(C)cc2)cc1,10.1021/ar900061z,COJIKJOAEDHYBT-UHFFFAOYSA-N,polymer,bulk,PC61BM,-5.43,-3.66,1.77,1.7,4.28,0.8,10.1,53.0
Cn1c2ccccc2c2ccc(-c3ccc(-c4nnc(-c5cccs5)c5nonc54)s3)cc21,10.1039/C1EE01072G,VAALSNWLPKMJHX-UHFFFAOYSA-N,polymer,bulk,PC61BM,-5.7,-4.15,1.55,1.57,0.5,0.82,1.52,38.0
Cc1csc(-c2ccc(-c3cc(C)c(-c4cc5c(s4)c4sccc4c4cc(C)c(C)cc54)s3)c3nsnc32)c1,10.1021/ma101646r,BNMHFLJJCSYEGW-UHFFFAOYSA-N,polymer,bulk,PC61BM,-5.34,-3.29,2.05,1.61,5.1,0.67,14.2,54.0
COc1ccc2c(c1)-c1cc(OC)c(-c3ccc(-c4ccc(-c5cccs5)c5nsnc54)s3)cc1[Si]2(C)C,10.1021/ma102173a,RUZKPWMSIMRBJA-UHFFFAOYSA-N,polymer,bulk,PC61BM,-5.27666666667,-3.55666666667,1.72,1.77333333333,4.05,0.67,11.1,54.3
Cn1c(-c2ccc(C=C(C#N)C(=O)O)s2)ccc1-c1ccc(N(c2ccccc2)c2ccccc2)cc1,10.1021/jp801036s,IBOVHEXCAAGEKT-BSYVCWPDSA-N,molecule,DSSC,TiO2,-5.11,-3.08,2.03,nan,4.79,0.57,14.2,60.0
Cc1ccc(-c2nc3c(nc2-c2ccc(C)cc2)c(-c2ccc(-c4ccc5c(c4)C(C)(C)c4ccccc4-5)s2)sc3-c2cccs2)cc1,10.1021/ar900061z,XTRZUQMGHPXWQV-UHFFFAOYSA-N,polymer,bulk,PC61BM,nan,nan,nan,nan,1.45,0.64,3.9,58.0
CC1(C)c2ccccc2-c2cc3c(cc21)-c1ccc(-c2ccc(-c4ccc(-c5cccs5)c5nsnc54)s2)cc1C3(C)C,10.1021/ja909111p,VENYVECAJGYQMX-UHFFFAOYSA-N,polymer,bulk,PC61BM,-5.48,-3.45,2.03,1.97,2.44,1.0,6.1,40.0
Cc1csc(-c2sc(-c3nc4cc5sc(-c6cc(C)c(-c7cc(C)cs7)s6)nc5cc4s3)cc2C)c1,10.1002/adma.201200721,SSJXXAWUFYXKCK-UHFFFAOYSA-N,polymer,bulk,PC71BM,-5.4,-2.8,2.6,2.2,0.61,0.53,3.52,33.0
COC(=O)C(C#N)=Cc1cc(C)c(-c2cc(C)c(-c3ccc(-c4sc(-c5sc(-c6cc7c(s6)c(OC)c6cc(-c8cc(C)c(-c9cc(C)c(-c%10ccc(-c%11sc(-c%12sc(C=C(C#N)C(=O)OC)cc%12C)cc%11C)s%10)s9)s8)sc6c7OC)cc5C)cc4C)s3)s2)s1,10.1021/ar400088c,IGPMNVDQTHORMH-SSMSOEPNSA-N,molecule,bulk,PC61BM,-4.98,-3.25,1.73,1.79,5.13,0.79,9.51,68.3
COC(=O)c1cc2c(-c3cccs3)sc(-c3ccc(-c4cc5c(s4)c(-c4ccc(C)s4)c4ccsc4c5-c4ccc(C)s4)s3)c2s1,10.1021/ar5000743,VKIHBOWYNZFSJF-UHFFFAOYSA-N,polymer,bulk,PC71BM,-4.9,-3.1,1.8,1.61,4.5,0.56,12.2,66.7
Cc1ccsc1-c1nnc(-c2sc(-c3cc4c(s3)-c3sccc3C4(C)C)cc2C)nn1,10.1002/pola.24774,NVWZTDXUSGFQBA-UHFFFAOYSA-N,polymer,bulk,PC71BM,-5.475,-3.885,1.59,1.715,1.21,0.57,6.23,34.0
COC(=O)C(C#N)=CC1=S=C(c2cc(C)c(-c3ccc(-c4sc(-c5sc(-c6ccc(-c7cc(C)c(-c8cc(C)c(-c9ccc(-c%10sc(C%11=S=C(C=C(C#N)C(=O)OC)C=C%11C)cc%10C)s9)s8)s7)c7nsnc76)cc5C)cc4C)s3)s2)C(C)=C1,10.1021/ar400088c,NYDSLBBNKCNVFG-UVGVUKCTSA-N,molecule,bulk,PC61BM,-4.98,-3.21,1.77,1.6,3.07,0.78,7.1,55.4
CN1C(=O)C2=C(c3ccc(-c4ccc5ccccc5c4)s3)N(C)C(=O)C2=C1c1cccs1,10.1039/c1ee01213d,WZUDXRGQLGBIGI-UHFFFAOYSA-N,polymer,bulk,PC71BM,-5.29,-3.3,1.99,1.5,4.7,0.76,11.8,52.0
CC1(C)c2ccccc2-c2ccc(N(c3ccc4cc(C=Cc5ccc(C=C(C#N)C(=O)O)s5)sc4c3)c3ccc4c(c3)C(C)(C)c3ccccc3-4)cc21,10.1039/B908802D,INBCAUDVFAWBAB-UDTARAQFSA-N,molecule,DSSC,TiO2,nan,nan,nan,nan,5.49,0.67,12.66,65.0
Cc1ccsc1-c1cc(C)c(-c2ccc(-c3cc(C)c(C4=S=C(c5ccc6c7cc8c(cc7n(C)c6c5)c5ccccc5n8C)C(C)=C4)s3)c3nsnc32)s1,10.1021/ar900061z,CMWYMYBMKQJEJP-UHFFFAOYSA-N,polymer,bulk,PC61BM,-5.17,-3.15,2.02,1.89,3.61,0.69,9.17,57.0
C[Si]1(C)c2ccsc2-c2sc(-c3cccc4nonc43)cc21,10.1002/adma.200903677,OBKDBGMXRFTYCH-UHFFFAOYSA-N,polymer,bulk,PC71BM,-5.5,-3.7,1.8,nan,5.4,0.68,13.7,58.0
COc1ccc(N(c2ccc(OC)cc2)c2ccc(-c3cc4c(s3)-c3sc(C=C(C#N)C(=O)O)cc3C4(C)C)cc2)cc1,10.1039/c1ee02432a,VKBHEWZDVZAGLK-UHFFFAOYSA-N,molecule,DSSC,TiO2,nan,nan,nan,nan,9.3,0.95,13.3,74.0
COC(=O)c1cc2csc(-c3cc4c(s3)c(-c3ccc(C)s3)c3ccsc3c4-c3ccc(C)s3)c2s1,10.1002/anie.201103313,RNYJMGWQVBKURE-UHFFFAOYSA-N,polymer,bulk,PC71BM,-5.09,-3.22,1.87,1.58,6.21,0.68,14.59,62.6
CC1(C)c2cc(-c3ccc(C=C(C#N)C(=O)O)s3)ccc2-c2ccc(N(c3ccccc3)c3cccc4ccccc43)cc21,10.1021/jp801036s,OSKDEENVIKVJFO-BYNJWEBRSA-N,molecule,DSSC,TiO2,nan,nan,nan,nan,6.9,0.67,16.48,64.0
C[Si](C)(C)C#Cc1c2ccccc2c2ccc3c(C#C[Si](C)(C)C)c4ccccc4c4ccc1c2c34,10.1021/cm102189g,NHERTKKOUMLJCY-UHFFFAOYSA-N,molecule,bulk,PC61BM,nan,nan,nan,nan,2.25,0.83,6.55,41.0
COc1cccc(C2N=c3c(-c4cccs4)ccc(-c4ccc(-c5ccc6c(c5)C(C)(C)c5ccccc5-6)s4)c3=NC2c2cccc(OC)c2)c1,10.1039/b9py00325h,GKEQTKQEUIDEBU-UHFFFAOYSA-N,polymer,bulk,PC61BM,-6.3,-3.6,2.7,1.9,3.7,1.0,6.0,63.0
Cc1csc(C2=NC3SC(c4cc(C)c(-c5cc6c(s5)-c5sccc5[Si]6(C)C)s4)=NC3S2)c1,10.1002/adma.201200721,JSTKWROVDZBKRJ-UHFFFAOYSA-N,polymer,bulk,PC71BM,-5.04,-3.41,1.63,1.76,5.88,0.73,11.25,71.6
Cn1c2ccsc2c2sc(-c3ccc(C4=C5C(=O)N(C)C(c6cccs6)=C5C(=O)N4C)s3)cc21,10.1039/C1EE01072G,ZDMHOVCWTANKBX-UHFFFAOYSA-N,polymer,bulk,PC61BM,-5.02,-3.64,1.38,1.13,2.7,0.38,14.8,48.0
COc1c(OC)c(-c2ccc(-c3ccc(-c4ccc5c6ccccc6n(C)c5c4)s3)s2)c2nsnc2c1-c1ccc(-c2cccs2)s1,10.1039/c1jm12089a,PJWJKQRYXXPLKP-UHFFFAOYSA-N,polymer,bulk,PC71BM,-5.2,-3.29,1.91,1.93,4.12,0.9,8.44,54.2
Cc1csc(-c2sc(-c3ccc(-c4cc(C)c(-c5cc(C)c(-c6ccc7c8cc9c(cc8n(C)c7c6)c6ccccc6n9C)s5)s4)c4nsnc43)cc2C)c1,10.1039/b9py00325h,YKEQENVNIQFVLC-UHFFFAOYSA-N,polymer,bulk,PC61BM,-5.2,-3.2,2.0,1.9,3.6,0.69,9.17,57.0
Cc1ccsc1-c1ccc(-c2sc(-c3nc(C)c(-c4ccc(C5=S=C(c6cc7c(s6)-c6sccc6[Si]7(C)C)C=C5C)s4)s3)nc2C)s1,10.1002/adma.201200721,BQORRXHYJRFDPM-UHFFFAOYSA-N,polymer,bulk,PC71BM,-5.07,-2.92,2.15,1.89,3.82,0.72,8.68,61.1
Cc1c2ccsc2c2sc(-c3ccc(C4=C5C(=O)N(C)C(c6cccs6)=C5C(=O)N4C)s3)cc2c1C,10.1039/C1EE01072G,RBVFNLDOBHVLAZ-UHFFFAOYSA-N,polymer,bulk,PC71BM,-5.21,-3.63,1.58,1.34,4.4,0.72,10.0,62.0
CC1(C)CC(C=Cc2ccc(N(c3ccccc3)c3ccc(N(c4ccccc4)c4ccccc4)cc3)cc2)=CC(=C(C#N)C(=O)O)C1,10.1021/jo800159t,JKYZFOKXBXBTFX-MYSGQBDYSA-N,molecule,DSSC,TiO2,-4.94,-2.77,2.17,nan,2.79,0.543,8.02,64.0
C(=C1Sc2ccccc2S1)c1ccc(N(c2ccc(C=C3Sc4ccccc4S3)cc2)c2ccc(C=C3Sc4ccccc4S3)cc2)cc1,10.1016/j.solmat.2010.07.003,JLFNYYKLKSGGTG-UHFFFAOYSA-N,molecule,bilayer,C60,nan,nan,nan,nan,0.11,0.4,0.87,32.0
C=Cc1ccc2c3ccccc3n(-c3ccc(OC)cc3)c2c1,10.1039/C1EE01072G,BMTWSMNBSLIQLR-UHFFFAOYSA-N,polymer,bulk,PC61BM,-5.61,-2.83,2.78,2.78,0.4,0.85,0.89,46.0
COc1c2ccsc2c(OC)c2cc(-c3scc4sc(S(C)(=O)=O)cc43)sc21,10.1039/c1cc12575c,SMLBVDCUNOOZMA-UHFFFAOYSA-N,polymer,bulk,PC71BM,-5.12,-3.49,1.63,nan,6.22,0.76,14.1,58.0
CC1=CC(c2ccc(-c3cc(C)c(-c4cc5c(s4)c4sccc4c4nc(C)c(C)nc54)s3)c3nsnc32)=S=C1,10.1021/ma101646r,CQUDIFRZXYCPCR-UHFFFAOYSA-N,polymer,bulk,PC61BM,-5.46,-3.28,2.18,1.7,4.3,0.83,11.38,45.6
Cc1cc(C=C2C(=O)c3ccccc3C2=O)sc1-c1cc(C)c(-c2ccc(-c3sc(C4=S=C(C=C5C(=O)c6ccccc6C5=O)C=C4C)cc3C)s2)s1,10.1021/ar400088c,ABZDCSBYXUGYFS-UHFFFAOYSA-N,molecule,bulk,PC61BM,-5.11,-3.36,1.75,1.56,4.0,0.78,8.13,63.0
CN1C(=O)c2csc(-c3cc4c(s3)-c3sccc3[Si]4(C)C)c2C1=O,10.1039/C1EE01072G,CJYOBAHELRQUNZ-UHFFFAOYSA-N,polymer,bulk,PC71BM,-5.43666666667,-3.69,1.92,1.70555555556,7.3,0.88,12.2,68.0
Cn1c2ccccc2c2ccc(-c3ccc(-c4ccc(-c5cccs5)c5nsnc54)s3)cc21,10.1039/c0cc03036h,UDUXDURXYWLPHG-UHFFFAOYSA-N,polymer,bulk,PC71BM,-5.33,-3.33,2.0,1.88,4.88,0.86,9.15,62.0
Cc1ccc(-c2ccc(-c3ncc(-c4cc5c(s4)-c4sc(-c6cnc(-c7ccc(-c8ccc(C)s8)s7)c7nsnc76)cc4[Si]5(C)C)c4nsnc43)s2)s1,10.1039/C1JM11963J,XOXAAYTZVNJIAF-UHFFFAOYSA-N,molecule,bulk,PC71BM,-5.16,-3.6,1.56,1.51,3.2,0.7,10.9,42.0
COc1c2cc(-c3cc4c(s3)-c3sc(C5=NC6SC(c7cc8c(s7)-c7sccc7[Si]8(C)C)=NC6S5)cc3[Si]4(C)C)sc2c(OC)c2ccsc21,10.1002/adma.201200721,JJPYHXZEQBXIHY-UHFFFAOYSA-N,polymer,bulk,PC71BM,-5.4,-3.6,1.8,1.77,5.3,0.69,11.6,66.0
Cc1csc(-c2cc3c4nsnc4c(-c4cc(C)cs4)cc3c3nsnc32)c1,10.1021/ja210687r,YHNBMKMJEHMVHU-UHFFFAOYSA-N,molecule,bulk,PC61BM,-5.54,-3.52,2.02,2.02,nan,nan,nan,nan
Cn1c(-c2ccc(-c3cccc4nsnc43)s2)ccc1C1=S=CC=C1,10.1021/ar900061z,ZHTDMEVTKJZJMB-UHFFFAOYSA-N,polymer,bulk,PC61BM,-5.5,-3.73,1.77,1.6,1.0,0.72,3.1,37.0
CC1(C)c2ccsc2-c2cc3c(cc21)-c1sc(-c2cccc4nsnc42)cc1C3(C)C,10.1021/ma201158d,AWVHTSSPCHNCPD-UHFFFAOYSA-N,polymer,bulk,PC71BM,-5.325,-3.65,1.675,nan,4.46,0.79,11.45,49.0
CSc1ccc(-c2ccc(-c3ccc([Si](c4ccc(-c5ccc(-c6ccc(SC)s6)s5)s4)(c4ccc(-c5ccc(-c6ccc(SC)s6)s5)s4)c4ccc(-c5ccc(-c6ccc(SC)s6)s5)s4)s3)s2)s1,10.1021/cm102189g,ZJNUBBWCPNMZEQ-UHFFFAOYSA-N,molecule,bulk,PC61BM,nan,nan,nan,nan,0.3,0.85,1.41,24.0
Cc1cc(-c2ccc(-c3cc(C)c(-c4cccs4)s3)c3nsnc32)sc1-c1cccs1,10.1021/ja210687r,ROOICZGMEHUXNU-UHFFFAOYSA-N,polymer,bulk,PC61BM,-5.07,-3.53,1.54,1.65,2.6,0.74,5.6,63.0
COc1ccc(N(c2ccc(C=Cc3sc(C=C(C#N)C(=O)O)c4c3OCCO4)cc2)c2ccc(OC)cc2)cc1,10.1039/c1ee01849c,KVTJEHXBGMRKAP-XCXJUZHQSA-N,molecule,DSSC,TiO2,nan,nan,nan,nan,7.3,0.73,13.1,76.0
Cc1ccsc1-c1ccc(-c2sc(-c3ccc4c(c3)N(C)C(=O)C4=C3c4ccccc4N(C)C3=O)cc2C)s1,10.1021/ja206610u,IEBLRRZQKHCVFI-APEFZGCFSA-N,polymer,bulk,PC71BM,-5.82,-3.83,1.99,1.5,6.3,0.7,13.1,69.0
CN1C(=O)C2=C(c3ccc(-c4cc5ccccc5o4)s3)N(C)C(=O)C2=C1c1ccc(-c2cc3ccccc3o2)s1,10.1021/cm102189g,AHUQRGHAKJSUKU-UHFFFAOYSA-N,molecule,bulk,PC71BM,-5.2,-3.4,1.8,nan,4.4,0.92,10.0,48.0
CN1C(=O)C2=C(c3cc4sc(-c5cccs5)cc4s3)N(C)C(=O)C2=C1c1cc2sccc2s1,10.1021/ja110619k,MLKDFGYNDDMURN-UHFFFAOYSA-N,polymer,bulk,PC71BM,-5.06,-3.68,1.38,nan,5.4,0.58,15.0,61.0
CC1(C)c2ccccc2-c2ccc(N(c3ccc(-c4ccc(C=CC=C(C#N)C(=O)O)s4)cc3)c3ccc4c(c3)C(C)(C)c3ccccc3-4)cc21,10.1039/B908802D,KBICWRPNWAZREG-JTQICZAZSA-N,molecule,DSSC,TiO2,nan,nan,nan,nan,5.12,0.69,10.47,71.0
CC1(C)c2ccccc2-c2ccc(-c3ccc(N(c4ccccc4)c4ccc(C=Cc5ccc(C=C(C#N)C#N)s5)cc4)cc3)cc21,10.1039/b9py00325h,QVVLBFOKXZRPTB-JJNGWGCYSA-N,polymer,bulk,PC61BM,-5.3,-3.4,1.9,1.9,4.74,0.99,9.62,50.0
COc1cc2c3ccsc3c3sc(-c4sc(-c5ccc(-c6cc(C)cs6)c6nsnc65)cc4C)cc3c2cc1OC,10.1039/C1CC13690A,JPCUGFGYONOECN-UHFFFAOYSA-N,polymer,bulk,PC71BM,-5.14,-3.54,1.6,1.64,5.27,0.64,13.5,62.0
N#CC(C#N)=Cc1ccc(-c2ccc(N(c3ccc(-c4ccc(C=C(C#N)C#N)s4)cc3)c3ccc(-c4ccc(C=C(C#N)C#N)s4)cc3)cc2)s1,10.1021/ja058178e,KJHGHQMIPHPKIY-UHFFFAOYSA-N,molecule,bilayer,PC61BM,nan,nan,nan,nan,1.02,0.96,3.65,29.0
Cc1ccsc1-c1nc2sc(-c3sc(-c4cc5c(s4)c(C#C[Si](C)(C)C)c4ccsc4c5C#C[Si](C)(C)C)cc3C)nc2s1,10.1002/adma.201200721,DQCFBAYPNUAZFS-UHFFFAOYSA-N,polymer,bulk,PC71BM,-5.3,-3.0,2.3,1.94,4.33,0.89,9.77,49.8
COc1cc(OC)cc(-c2nc3c(nc2-c2cc(OC)cc(OC)c2)c(-c2cccs2)sc3-c2cccs2)c1,10.1021/ar900061z,NPDXAAWJEFSZSD-UHFFFAOYSA-N,polymer,bulk,PC61BM,nan,nan,nan,1.2,1.01,0.56,3.1,58.0
Cn1c2ccccc2c2ccc(-c3ccc(-c4ccc(-c5cccs5)c5nccnc45)s3)cc21,10.1021/ma102943g,PEBUXISCSDSHBU-UHFFFAOYSA-N,polymer,bulk,PC71BM,-5.34,-3.33,2.01,nan,0.48,0.61,2.7,29.0
Cc1nc2c(-c3cccs3)nnc(-c3ccc(-c4ccc5c6ccccc6n(C)c5c4)s3)c2nc1C,10.1039/C1EE01072G,GCARMNRJEFIHNL-UHFFFAOYSA-N,polymer,bulk,PC61BM,-5.76,-3.99,1.77,1.79,0.4,0.91,0.86,44.0
CC1(C)c2ccccc2-c2cc3c(cc21)-c1ccc(-c2ccc(-c4ccc(-c5cccs5)c5c4=NC(c4ccccc4)C(c4ccccc4)N=5)s2)cc1C3(C)C,10.1021/ja909111p,MMBXKXBNQDNIHJ-UHFFFAOYSA-N,polymer,bulk,PC61BM,-5.45,-3.36,2.09,2.0,3.04,1.0,7.57,40.0
Cc1cc(C)cc(-c2ccc(N(c3ccc(-c4cc5c(s4)-c4sc(C=C(C#N)C(=O)O)cc4C5(C)C)cc3)c3ccc(-c4cc(C)cc(C)c4)cc3)cc2)c1,10.1039/c1ee02432a,KKYYFDNKIFEGON-UHFFFAOYSA-N,molecule,DSSC,TiO2,nan,nan,nan,nan,8.4,0.93,12.05,75.0
COC(=O)C(C#N)=Cc1cc(C)c(-c2ccc(-c3sc(-c4ccc5c(c4)C(C)(C)c4cc(-c6cc(C)c(-c7ccc(-c8sc(C=C(C#N)C(=O)OC)cc8C)s7)s6)ccc4-5)cc3C)s2)s1,10.1016/j.orgel.2014.06.012,NWMFWFYBDBEWHV-CPGOKAMYSA-N,molecule,bulk,PC61BM,-5.23,-3.23,2.0,2.01,2.38,1.07,4.54,49.0
COc1ccc(C=Cc2ccc(C=Cc3cc(OC)c(C=Cc4ccc(C=Cc5cc(OC)c(C=Cc6ccc(C=Cc7cc(OC)c(C=O)cc7OC)s6)cc5OC)s4)cc3OC)s2)cc1,10.1016/j.solmat.2010.07.003,BQAFSXWNOWNICD-RIOMDXIUSA-N,molecule,bulk,PC61BM,nan,nan,nan,nan,0.81,0.51,3.93,38.0
N#CC(=Cc1ccc(-c2cc(-c3ccc(-c4ccc(N(c5ccccc5)c5ccccc5)cc4)s3)c(-c3ccc(-c4ccc(N(c5ccccc5)c5ccccc5)cc4)s3)s2)s1)C(=O)O,10.1039/B908802D,LGOUIIKFYGMUTQ-JWVZJPBISA-N,molecule,DSSC,TiO2,nan,nan,nan,nan,6.04,0.65,15.6,60.0
Cc1csc(-c2sc(-c3cc(C)c(-c4cccs4)s3)c3sc(C(F)(F)C(F)(F)C(F)(F)C(F)(F)C(F)(F)C(F)(F)F)cc23)c1,10.1039/C1EE01072G,LFTMBZYBNDYKEG-UHFFFAOYSA-N,polymer,bulk,PC61BM,-4.92,nan,nan,1.62,2.4,0.59,10.2,40.0
Cc1ccsc1-c1nc2sc(-c3sc(-c4ccc5c6ccccc6n(C)c5c4)cc3C)nc2s1,10.1002/adma.201200721,HITOUVGJLQROTR-UHFFFAOYSA-N,polymer,bulk,PC71BM,-5.31,-3.24,2.07,2.07,4.88,0.86,9.15,62.0
CC1(C)c2ccccc2-c2ccc(N(c3ccc(-c4cc5sc(C=C(C#N)C(=O)O)cc5s4)cc3)c3ccc4c(c3)C(C)(C)c3ccccc3-4)cc21,10.1039/B908802D,LKPFKNLWHAPIJC-UHFFFAOYSA-N,molecule,DSSC,TiO2,nan,nan,nan,nan,7.8,0.777,13.35,74.9
N#CC(=Cc1ccc(OCCCCCCOc2ccc(C=C(C#N)c3ccc([N+](=O)[O-])cc3)cc2O)c(O)c1)c1ccc([N+](=O)[O-])cc1,10.1021/jp101945z,LPCWAMFLCLWHKW-CZYCKNNWSA-N,molecule,DSSC,TiO2,-5.4,-3.7,1.7,1.65,3.53,0.64,9.85,56.0
CC1(C)c2ccccc2-c2ccc(N(c3ccc4cc(C=Cc5ccc(C=C(C#N)C(=O)O)s5)oc4c3)c3ccc4c(c3)C(C)(C)c3ccccc3-4)cc21,10.1039/B908802D,LRZYWKIWMBSTKG-RYDQLSJMSA-N,molecule,DSSC,TiO2,nan,nan,nan,nan,4.7,0.67,11.43,62.0
Cc1c2cc(-c3ccc(-c4ccc(-c5cccs5)c5nn(C)nc54)s3)sc2c(C)c2ccsc21,10.1021/ja1112595,URGQROSFUUTNRS-UHFFFAOYSA-N,polymer,bulk,PC61BM,-5.29,-2.87,2.42,1.98,4.3,0.7,11.14,55.2
C(=Cc1cccc2nsnc21)c1ccc(N(c2ccc(C=Cc3cccc4nsnc43)cc2)c2ccc(C=Cc3cccc4nsnc43)cc2)cc1,10.1016/j.solmat.2008.09.001,LYNAWRYPYQKWTM-AUCPOXKISA-N,molecule,bulk,PC61BM,-5.41,-3.37,2.04,nan,0.61,0.93,1.54,43.0
C[Si]1(C)c2cc(-c3cnc(-c4cccs4)c4nsnc43)sc2-c2sc(-c3cnc(-c4cccs4)c4nsnc43)cc21,10.1039/C1JM11963J,OKFDCPYGWQEVPX-UHFFFAOYSA-N,molecule,bulk,PC71BM,-5.19,-3.46,1.73,1.68,nan,nan,nan,nan
Cc1ccsc1-c1ccc(-c2ccc(-c3sccc3C)s2)s1,10.1016/j.solmat.2009.10.025,DZUNDTRLGXGTGU-UHFFFAOYSA-N,polymer,bulk,PC61BM,-5.35,-3.39,1.96,nan,0.5,0.48,0.18,40.0
c1csc(-c2ccc(-c3ccc(-c4c(-c5ccc(-c6cccs6)s5)sc(-c5ccc(-c6cccs6)s5)c4-c4ccc(-c5ccc(-c6cccs6)s5)s4)s3)s2)c1,10.1021/cm102189g,MJSFEUIEGXCDMB-UHFFFAOYSA-N,molecule,bulk,PC61BM,nan,nan,nan,nan,0.8,0.85,3.65,26.0
Cc1cc(-c2cc(C)c(C3=S=CC=C3)s2)sc1-c1ccc(-c2cccc3nsnc32)s1,10.1002/adma.201003903,DSYDSCKKEZAORM-UHFFFAOYSA-N,polymer,bulk,PC71BM,-5.18,nan,nan,1.59,6.26,0.722,12.3,70.5
Cc1ccc(C2(c3ccc(C)cc3)c3ccsc3-c3cc4c(cc32)-c2sc(-c3cncc5nc6c7ccsc7c7sccc7c6nc53)cc2C4(c2ccc(C)cc2)c2ccc(C)cc2)cc1,10.1021/ma2008699,KQZHKQGNQWJWOY-UHFFFAOYSA-N,polymer,bulk,PC71BM,-5.26,-3.69,1.57,1.48,3.21,0.74,10.1,43.0
C[Si]1(C)c2ccccc2-c2ccc(-c3ccc(-c4ccc(C5=C(c6ccccc6)C(c6ccccc6)=C(c6ccc(-c7cccs7)s6)[Si]5(C)C)s4)s3)cc21,10.1021/ar900061z,XWUZXZBZSIFMOH-UHFFFAOYSA-N,polymer,bulk,PC61BM,-5.13,nan,nan,1.99,1.33,0.75,4.55,39.0
Cc1csc(-c2cc(-c3ccc(C)s3)c(-c3ccc(C4=C5C(=O)N(C)C(c6cccs6)=C5C(=O)N4C)s3)s2)c1,10.1039/C1EE01072G,JSWSADMKDBSOIA-UHFFFAOYSA-N,polymer,bulk,PC61BM,nan,nan,nan,1.29,2.4,0.65,8.0,46.0
Cc1c2cc(-c3ccc(-c4c5nn(C)nc5c(-c5cccs5)c(F)c4F)s3)sc2c(C)c2ccsc21,10.1021/ja1112595,NRENMWGBFPRKOQ-UHFFFAOYSA-N,polymer,bulk,PC61BM,-5.36,-3.05,2.31,2.0,6.81,0.79,11.83,72.9
C=Cc1ccc2c3ccc(C=Cc4cccs4)cc3n(-c3ccc(OC)cc3)c2c1,10.1039/C1EE01072G,KJOPSPNXGZJNOG-XDHOZWIPSA-N,polymer,bulk,PC61BM,-5.52,-2.92,2.6,2.6,0.4,0.7,1.08,45.0
COc1ccsc1-c1ccc(-c2sc(-c3ccc4c(c3)C(C)(C)c3ccccc3-4)cc2OC)c2nsnc21,10.1021/ar900061z,GQQSXDQOZGTRAF-UHFFFAOYSA-N,polymer,bulk,PC61BM,-5.14,nan,nan,1.64,1.6,0.76,4.31,48.6
COC(=O)c1cc2csc(-c3ccc(-c4ccc(-c5sc(-c6ccc(-c7sccc7C)s6)cc5C)s4)s3)c2s1,10.1039/C1EE01072G,ZUPGVWRMTGTJST-UHFFFAOYSA-N,polymer,bulk,PC61BM,nan,nan,nan,1.31,1.4,0.54,6.64,40.0
Cc1nc(-c2nc(C)c(-c3ccc(-c4ccc(-c5ccc(N(c6ccccc6)c6ccccc6)cc5)s4)s3)s2)sc1-c1ccc(-c2ccc(-c3ccc(N(c4ccccc4)c4ccccc4)cc3)s2)s1,10.1002/adma.201200721,AKMXAROGBREUIU-UHFFFAOYSA-N,molecule,bulk,PC71BM,-5.22,-2.81,2.41,2.03,2.61,0.84,7.72,40.2
COC(=O)c1sc2c(-c3ccc(-c4cc5c(s4)c(-c4cc(F)c(C)s4)c4ccsc4c5-c4cc(F)c(C)s4)s3)sc(-c3cccs3)c2c1F,10.1021/ar5000743,HKSSPALTIDAEKT-UHFFFAOYSA-N,polymer,bulk,PC71BM,-5.2,-3.3,1.9,1.64,8.6,0.78,15.2,72.4
CC1(C)c2ccsc2-c2sc(-c3c4nsnc4cc(F)c3F)cc21,10.1038/ncomms2411,MOYSXDKPYROKGI-UHFFFAOYSA-N,polymer,bulk,PC71BM,-5.34,-3.52,1.82,1.51,5.6,0.85,12.6,52.0
COc1c(OC)c(-c2cc3sc(-c4cc5c(s4)c(-c4ccc(C)s4)c4ccsc4c5-c4ccc(C)s4)cc3s2)c2nsnc2c1-c1cc2sccc2s1,10.1021/ar5000743,IWJLETUKMSLYJX-UHFFFAOYSA-N,polymer,bulk,PC71BM,-5.09,-3.36,1.73,1.73,6.3,0.8,11.83,66.6
COc1csc2c1C(C)(C)c1cc(-c3scc4c3C(=O)N(C)C4=O)sc1-2,10.1039/C1EE01072G,SBVAULHDCRMNFB-UHFFFAOYSA-N,polymer,bulk,PC61BM,nan,nan,nan,1.67,3.0,0.76,8.12,50.0
Cc1csc(-c2cc(C)c(-c3scc4c3C(=O)N(C)C4=O)s2)c1,10.1002/adma.201101274,XSZOPHXPCZVFBR-UHFFFAOYSA-N,polymer,bulk,PC71BM,nan,nan,nan,nan,5.0,0.94,9.1,58.0
Cc1ccc(-c2ccc(-c3ccc(C4=C5C(=O)N(C)C(c6ccc(-c7ccc(C8=S=C(C)C=C8)s7)s6)=C5C(=O)N4C)s3)s2)s1,10.1021/cm102189g,GLHOKMYMUKAXAC-UHFFFAOYSA-N,molecule,bulk,PC71BM,nan,nan,nan,nan,3.0,0.75,9.2,44.0
COc1ccc(N(c2ccc(OC)cc2)c2ccc(C3c4ccccc4-c4ccc(-c5ccc(-c6c7nsnc7c(-c7cccs7)c7nc(-c8ccccc8)c(-c8ccccc8)nc76)s5)cc43)cc2)cc1,10.1039/C1EE01072G,YBHBJGBDLYIBPV-UHFFFAOYSA-N,polymer,bulk,PC61BM,-4.8,-3.7,1.1,nan,0.6,0.41,5.16,29.0
Cn1c2ccccc2c2ccc(-c3ccc(-c4cnc(-c5cccs5)c5nonc54)s3)cc21,10.1039/C1EE01072G,GAGSPCGFSPILSH-UHFFFAOYSA-N,polymer,bulk,PC61BM,-5.55,-3.93,1.62,1.67,0.8,0.85,1.4,60.0
CC1(C)c2ccccc2-c2ccc(N(c3ccc(-c4cc5sc6cc(C=C(C#N)C(=O)O)sc6c5s4)cc3)c3ccc4c(c3)C(C)(C)c3ccccc3-4)cc21,10.1039/B908802D,NMBOGNHIMXTNFE-UHFFFAOYSA-N,molecule,DSSC,TiO2,nan,nan,nan,nan,8.0,0.734,14.33,76.0
Cn1c2ccccc2c2ccc(-c3ccc(-c4ccc(-c5cccs5)c5nonc54)s3)cc21,10.1039/C1EE01072G,CTLSWAKYKLCLQQ-UHFFFAOYSA-N,polymer,bulk,PC61BM,-5.47,-3.65,1.82,1.945,1.8,0.95,3.0,56.0
C(=Cc1ccc(-c2ccc(N(c3ccc(-c4ccc(C=Cc5cccs5)s4)cc3)c3ccc(-c4ccc(C=Cc5cccs5)s4)cc3)cc2)s1)c1cccs1,10.1021/ja058178e,NRVOTDCCVLSTHD-IKVQWSBMSA-N,molecule,bilayer,PC61BM,nan,nan,nan,nan,0.46,0.48,2.33,41.0
Cc1csc(-c2nc3sc(-c4cc(C)c(-c5cc6c(s5)-c5sccc5[Si]6(C)C)s4)nc3s2)c1,10.1039/c1cc13477a,XOLHPVCLORGWLP-UHFFFAOYSA-N,polymer,bulk,PC71BM,nan,nan,nan,1.76,5.88,0.73,11.25,71.6
CC1(C)c2ccccc2-c2ccc(-c3ccc(-c4ccc(-c5cccs5)c5nsnc54)s3)cc21,10.1002/adma.200900510,ZGTJRSSAURYICH-UHFFFAOYSA-N,polymer,bulk,PC71BM,-5.5,-3.6,1.9,nan,4.5,0.97,9.1,51.0
Cc1cc(C=C(C#N)C(=O)O)sc1-c1cc(C)c(-c2cc(C)c(-c3cc4ccc(N(c5ccc6c(c5)C(C)(C)c5ccccc5-6)c5ccc6c(c5)C(C)(C)c5ccccc5-6)cc4s3)s2)s1,10.1039/B908802D,YDTYAWWCQRSMGA-XXHMGCOKSA-N,molecule,DSSC,TiO2,nan,nan,nan,nan,8.6,0.664,17.45,74.0
COc1cccc(-c2nc3c(-c4cccs4)ccc(-c4ccc(-c5ccc6c(c5)C(C)(C)c5ccccc5-6)s4)c3nc2-c2cccc(OC)c2)c1,10.1021/ar900061z,FYLHGFRXLMWIJS-UHFFFAOYSA-N,polymer,bulk,PC61BM,-6.3,-3.6,2.7,1.94,3.7,1.0,6.0,63.0
CC1(C)c2cc(-c3ccc(C=C(C#N)C(=O)O)s3)ccc2-c2ccc(N(c3ccccc3)c3ccc4ccc5cccc6ccc3c4c56)cc21,10.1039/B908802D,DGWDJUFVNCXHNS-INKHBPHZSA-N,molecule,DSSC,TiO2,nan,nan,nan,nan,3.35,0.6,8.38,67.0
N#CC(=Cc1ccc(-c2ccc(-c3cc(-c4ccc(-c5ccc(N(c6ccccc6)c6ccccc6)cc5)s4)c(-c4ccc(-c5ccc(N(c6ccccc6)c6ccccc6)cc5)s4)s3)s2)s1)C(=O)O,10.1039/B908802D,OHAKYXDLTDZMLO-ABZNUIFFSA-N,molecule,DSSC,TiO2,nan,nan,nan,nan,4.11,0.61,11.4,59.0
COc1cccc(-c2nc3cccc(-c4cccs4)c3nc2-c2cccc(OC)c2)c1,10.1002/adma.201002225,ALUKCEWJMVMFOY-UHFFFAOYSA-N,polymer,bulk,PC61BM,-5.7,-3.3,2.4,nan,5.8,0.91,9.4,68.0
COc1ccc(N(c2ccc(OC)cc2)c2ccc3c(c2)C(C)(C)c2c-3c3c(c4c2-c2ccc(N(c5ccc(OC)cc5)c5ccc(OC)cc5)cc2C4(C)C)-c2ccc(-c4ccc(C=C(C#N)C(=O)O)s4)cc2C3(C)C)cc1,10.1039/B908802D,ZDBFTZQWMHRYHE-VSMFVEQNSA-N,molecule,DSSC,TiO2,nan,nan,nan,nan,3.61,0.752,6.86,70.0
CC1(C)c2ccccc2-c2cc3c(cc21)-c1cc2c(cc1C3(C)C)-c1ccc(-c3ccc(-c4ccc(-c5cccs5)c5nsnc54)s3)cc1C2(C)C,10.1021/ja909111p,XKPWGJQXXGVADA-UHFFFAOYSA-N,polymer,bulk,PC61BM,-5.45,-3.45,2.0,1.96,4.5,1.04,10.3,42.0
COc1c2cc(-c3ccc(C4=C5C(=O)N(C)C(c6cccs6)=C5C(=O)N4C)s3)sc2c(OC)c2ccsc21,10.1021/ar5000743,QNIMEWRJBUPJRX-UHFFFAOYSA-N,polymer,bulk,PC71BM,-5.225,-3.675,1.55,1.38,2.83,0.69,6.5,63.0
COc1c2cc(-c3cccs3)sc2c(OC)c2cc(-c3ccc(-c4ccc5c(c4)N(C)C(=O)C5=C4c5ccccc5N(C)C4=O)s3)sc21,10.1039/C3PY01598J,DGLVFYYUTRYGAX-ZMFPCWMMSA-N,polymer,bulk,PC71BM,-5.78,-3.91,1.87,1.61,4.22,0.79,7.87,68.0
Cc1ccc(-c2ccc(-c3ccc(-c4ccc(N(c5ccc(-c6ccc(-c7ccc(-c8ccc(C)s8)s7)s6)cc5)c5ccc(-c6ccc(-c7ccc(-c8ccc(C)s8)s7)s6)cc5)cc4)s3)s2)s1,10.1016/j.solmat.2010.07.003,POSVHDFEGLISRM-UHFFFAOYSA-N,molecule,bilayer,C60,nan,nan,nan,nan,0.36,0.68,1.73,29.0
N#CC(=Cc1cc(-c2ccc(-c3ccc(N(c4ccccc4)c4ccccc4)cc3)s2)c(-c2ccc(-c3ccc(N(c4ccccc4)c4ccccc4)cc3)s2)s1)C(=O)O,10.1039/B908802D,ORZBUASOAWGKAM-NNIBMBRCSA-N,molecule,DSSC,TiO2,nan,nan,nan,nan,5.95,0.68,14.5,61.0
COC(=O)c1cc2csc(-c3cc4c(s3)c(C)c3ccsc3c4C)c2s1,10.1039/C1EE01072G,GDUJLSJJFJQERQ-UHFFFAOYSA-N,polymer,bulk,PC61BM,-5.04,-3.29,1.75,1.6,5.8,0.72,13.9,59.0
COC(=O)c1sc2c(-c3ccc(-c4cc5c(s4)c(-c4ccc(OC)cc4)c4ccsc4c5-c4ccc(OC)cc4)s3)sc(-c3cccs3)c2c1F,10.1021/ar5000743,HJNLNMMJXKNRJP-UHFFFAOYSA-N,polymer,bulk,PC71BM,-5.17,-3.14,2.03,1.7,7.5,0.78,13.4,71.8
COC(=O)C(C#N)=Cc1cc(C)c(-c2ccc(-c3sc(-c4cc5c(s4)c(OC)c4cc(-c6cc(C)c(-c7ccc(-c8sc(C=C(C#N)C(=O)OC)cc8C)s7)s6)sc4c5OC)cc3C)s2)s1,10.1021/ar400088c,DEVMHGSMCXQJGZ-LPWNDWGMSA-N,molecule,bulk,PC61BM,-5.04,-3.24,1.8,1.84,4.56,0.95,8.0,60.0
Cc1csc(-c2ccc(-c3cc(C)cs3)c3nsnc32)c1,10.1021/ja210687r,ZGUKAWJCSXABJJ-UHFFFAOYSA-N,molecule,bulk,PC61BM,-5.46,-3.02,2.44,2.04,nan,nan,nan,nan
Cn1c(-c2ccc(C=C(C#N)C(=O)O)s2)ccc1-c1ccc2c(c1)C(C)(C)c1cc(N(c3ccccc3)c3ccccc3)ccc1-2,10.1021/jp801036s,OTCULOQKTBEVLJ-RMLRFSFXSA-N,molecule,DSSC,TiO2,-5.14,-2.92,2.22,nan,6.16,0.61,18.14,56.0
Cn1c(-c2ccc(C=C(C#N)C(=O)O)s2)ccc1-c1ccc2c(c1)C(C)(C)c1cc(N(c3ccccc3)c3ccccc3)ccc1-2,10.1039/B908802D,OTCULOQKTBEVLJ-UHFFFAOYSA-N,molecule,DSSC,TiO2,nan,nan,nan,nan,6.16,0.61,18.14,56.0
COC(=O)C(C#N)=Cc1cc(C)c(-c2cc(C)c(-c3ccc(-c4sc(-c5sc(C=C(C#N)C(=O)OC)cc5C)cc4C)s3)s2)s1,10.1021/ar400088c,MILFULBMHTZPQY-QRSJWUFXSA-N,molecule,bulk,PC61BM,-5.25,-3.23,2.02,1.8,3.27,0.88,7.02,53.0
C[Si]1(C)c2ccsc2-c2sc(-c3nc4sc(-c5cc6c(s5)-c5sc(-c7cc8sccc8s7)cc5[Si]6(C)C)nc4s3)cc21,10.1021/ma201054a,JQVZDALLJMXSDN-UHFFFAOYSA-N,polymer,bulk,PC71BM,-5.3,-3.7,1.6,1.73,0.97,0.64,2.73,56.0
COc1c2ccsc2c(OC)c2cc(-c3sc(-c4scc5c4C4C=CC5CC4(C)C)c4c3C3C=CC4C(C)(C)C3)sc21,10.1021/jp208775x,PUMCXCLDSJWOGP-UHFFFAOYSA-N,polymer,bulk,PC61BM,-5.4,-3.0,2.4,2.4,0.008,0.44,0.075,24.0
CN1C(=O)C2=C(c3ccc(-c4cc5c(s4)-c4sccc4[Si]5(C)C)s3)N(C)C(=O)C2=C1c1cccs1,10.1039/C1EE01072G,LGTATYAIFFFVLT-UHFFFAOYSA-N,polymer,bulk,PC71BM,-5.04,-3.47,1.57,1.29,2.1,0.55,7.5,51.0
COc1c2ccsc2c(OC)c2c1=S=C(c1cc(C)c(-c3ccc(-c4sc(-c5nc(C)c(-c6ccc(-c7sccc7C)s6)s5)nc4C)s3)s1)C=2,10.1002/adma.201200721,BEFZUJPXHGCLLJ-UHFFFAOYSA-N,polymer,bulk,PC71BM,-5.12,-2.94,2.18,1.96,4.46,0.82,9.01,60.3
Cc1ccsc1-c1sc(-c2sc(-c3ccc4c(c3)C(C)(C)c3ccccc3-4)cc2C)c2nc3c4ccccc4c4ccccc4c3nc21,10.1021/cm900788e,VBVBCOLMSXKRSV-UHFFFAOYSA-N,polymer,bulk,PC61BM,-4.93,-3.53,1.4,nan,0.57,0.485,2.28,52.0
C#Cc1cc2c(s1)c1sc(C#Cc3scc4nc(-c5ccccc5)c(-c5ccccc5)nc34)cc1n2C,10.1016/j.solmat.2010.05.042,GBMQZLANRSVNDA-UHFFFAOYSA-N,polymer,bulk,PC61BM,nan,nan,nan,nan,1.74,0.74,5.87,40.0
CC1(C)c2cc(-c3ccc(C=C(C#N)C(=O)O)s3)ccc2-c2ccc(N(c3ccccc3)c3c4ccccc4cc4ccccc43)cc21,10.1039/B908802D,YOVVKNWFLNLSFC-WGPBWIAQSA-N,molecule,DSSC,TiO2,nan,nan,nan,nan,2.89,0.57,7.59,67.0
CC1(C)c2cc(-c3ccc(-c4ccc(-c5ccc(-c6ccc(C=C(C#N)C#N)s6)s5)s4)s3)ccc2-c2ccc(N(c3ccccc3)c3ccccc3)cc21,10.1039/B908802D,AYJNKAQASWNOLK-UHFFFAOYSA-N,molecule,bilayer,PC61BM,nan,nan,nan,nan,2.67,0.91,6.05,48.0
Cc1ccsc1-c1nc2sc(-c3sc(-c4cc(C)c(-c5nc6sc(-c7sccc7C)nc6s5)s4)cc3C)nc2s1,10.1002/adma.201200721,YRROLUSYWUJGKB-UHFFFAOYSA-N,polymer,bulk,PC61BM,nan,nan,nan,nan,5.7,0.84,10.6,64.0
CC1(C)CC(C=Cc2ccc(N(c3ccccc3)c3ccccc3)cc2)=CC(=C(C#N)C(=O)O)C1,10.1021/jo800159t,PTFLIAMCZSDHMB-NGUSXGKVSA-N,molecule,DSSC,TiO2,-5.32,-3.16,2.16,nan,5.77,0.615,13.6,69.0
COc1ccc(N(c2ccc(OC)cc2)c2ccc(-c3ccc(-c4ccc(C=C(C#N)C(=O)O)s4)s3)cc2)cc1,10.1039/B908802D,JHBUJSCHVMJPPY-UUDCSCGESA-N,molecule,DSSC,TiO2,nan,nan,nan,nan,7.25,0.728,14.1,71.0
Cc1ccc(-c2nc3c(-c4cccs4)ccc(-c4ccc(-c5ccc6c7ccccc7n(C)c6c5)s4)c3nc2-c2ccc(C)s2)s1,10.1021/ma1027164,SVJIBWWSPZQEFO-UHFFFAOYSA-N,polymer,bulk,PC71BM,-5.23,-3.33,1.9,nan,3.5,0.88,6.6,53.0
Cn1c2ccc(C=C(C#N)C#N)cc2c2cc(C=C(C#N)C#N)ccc21,10.1016/j.solmat.2010.08.032,GSEOKQXHCMWCSR-UHFFFAOYSA-N,molecule,bulk,C60,nan,nan,nan,2.5,0.05,0.154,0.859,28.0
COc1c2ccsc2c(OC)c2cc(-c3sc(-c4ccc(-c5cc(C)cs5)c5nsnc54)cc3C)sc21,10.1021/ar5000743,CAXXBUJLCABBMA-UHFFFAOYSA-N,polymer,bulk,PC71BM,-5.24,-3.71,1.53,1.72,7.4,0.79,13.56,69.1
COC(=O)c1sc2c(-c3ccc(-c4cc5c(s4)c(-c4ccc(C)s4)c4ccsc4c5-c4ccc(C)s4)s3)sc(-c3cccs3)c2c1F,10.1021/ar5000743,YKKLIMFBECHPNB-UHFFFAOYSA-N,polymer,bulk,PC71BM,-4.95,-3.12,1.83,1.66,5.6,0.6,13.7,67.7
Cc1csc(-c2cc3c4nsnc4c(-c4cc(C)c(-c5cc6c(s5)c(-c5cc(C)c(C)s5)c5ccsc5c6C5=S=C(C)C(C)=C5)s4)cc3c3nsnc32)c1,10.1021/ja201131h,TZQMMCJWYDHXKV-UHFFFAOYSA-N,polymer,bulk,PC71BM,-5.19,-3.26,1.93,1.58,6.0,0.8,11.71,61.0
COC(=O)c1cc2csc(-c3cc4c(s3)c(OC)c3ccsc3c4OC)c2s1,10.1039/C1EE01072G,KZTSOXNQCPFVQV-UHFFFAOYSA-N,polymer,bulk,PC71BM,-5.04,-3.19,1.85,1.605,5.6,0.56,15.6,63.0
Cc1ccsc1,10.1038/ncomms2411,JEDHEMYZURJGRQ-UHFFFAOYSA-N,polymer,bulk,ICBA,nan,nan,nan,nan,6.1,0.84,10.3,71.1
COc1c2cc(-c3cc4c(s3)-c3sc(-c5nc6sc(-c7cc8c(s7)-c7sccc7[Si]8(C)C)nc6s5)cc3[Si]4(C)C)sc2c(OC)c2ccsc21,10.1021/ma201054a,RSPLWFIGVUAAIS-UHFFFAOYSA-N,polymer,bulk,PC71BM,-5.4,-3.6,1.8,1.77,5.3,0.69,11.6,66.0
COCc1sc2c(csc2-c2cc3c(s2)c(OC)c2ccsc2c3OC)c1F,10.1039/b9py00325h,WUSIKLUHMPSPLR-UHFFFAOYSA-N,polymer,bulk,PC71BM,-5.2,-3.5,1.7,1.6,7.73,0.76,15.2,67.0
C#Cc1sc(C#Cc2scc3nc(-c4ccccc4)c(-c4ccccc4)nc23)c(C)c1C,10.1021/ar900061z,JSZAKRWBZVMBQR-UHFFFAOYSA-N,polymer,bulk,PC61BM,-5.21,-3.35,1.86,1.585,2.37,0.67,10.7,33.0
CC1(C)c2ccccc2-c2ccc(-c3cc4c5cccc6c7cccc8c9cc(-c%10ccc%11c(c%10)C(C)(C)c%10ccccc%10-%11)cc%10c%11cccc%12c%13cccc%14c(c3)c4c3c(c65)c(c78)c(c9%10)c(c%12%11)c3c%13%14)cc21,10.1021/cm102189g,BCXJUZBRGQHQDK-UHFFFAOYSA-N,molecule,bulk,PC61BM,nan,nan,nan,nan,1.46,0.9,2.68,61.0
COC(=O)C(C#N)=Cc1cc(C)c(-c2cc(C)c(-c3cc(C)c(-c4cc5cc6sc(-c7sc(-c8sc(-c9sc(C=C(C#N)C(=O)OC)cc9C)cc8C)cc7C)cc6cc5s4)s3)s2)s1,10.1021/ar400088c,VUHPGBUYKZAJOI-QGXQWKAISA-N,molecule,bulk,PC61BM,-5.11,-3.54,1.57,1.83,5.44,0.93,9.77,59.9
Cc1ccsc1-c1sc(-c2sc(C3=S=C(c4sccc4C)C=C3C)cc2C)c2nc3c4ccccc4c4ccccc4c3nc21,10.1021/cm900788e,JSYNBHHEHKLKTN-UHFFFAOYSA-N,polymer,bulk,PC61BM,-4.95,-3.79,1.16,nan,0.14,0.375,0.64,60.0
COC(=O)C(C#N)=Cc1cc(C)c(-c2cc(C)c(-c3cc(C)c(-c4ccc(-c5sc(-c6sc(-c7sc(C=C(C#N)C(=O)OC)cc7C)cc6C)cc5C)s4)s3)s2)s1,10.1021/ar400088c,QYJWIQFWTMEOON-MKWIRMIWSA-N,molecule,bulk,PC61BM,-5.13,-3.29,1.84,1.74,5.08,0.86,10.74,55.0
Cc1csc(-c2ccc(-c3cc(C)c(-c4cc5c(s4)c(-c4cc(C)c(C)s4)c4ccsc4c5-c4cc(C)c(C)s4)s3)c3nsnc32)c1,10.1021/ja201131h,AFAYCDMJRMPZNY-UHFFFAOYSA-N,polymer,bulk,PC71BM,-5.26,-3.1,2.16,1.73,2.11,1.0,5.8,34.6
N#CC(=Cc1ccc(-c2ccc(-c3ccc(C=C(C#N)c4ccc([N+](=O)[O-])cc4)s3)c3c2C(=O)N(c2ccc(C(=O)O)cc2)C3=O)s1)c1ccc([N+](=O)[O-])cc1,10.1021/jp101945z,RCADVNRMHAASQG-VCNVVWDHSA-N,molecule,DSSC,TiO2,-5.1,-3.3,1.8,1.73,5.8,0.68,13.7,62.0
Cc1nc(-c2nc(C)c(-c3ccc(-c4ccc5c(c4)C(C)(C)c4ccccc4-5)s3)s2)sc1-c1cccs1,10.1002/adma.201200721,GZUOBVDUODLACO-UHFFFAOYSA-N,polymer,bulk,C60,-5.53,-2.77,2.76,2.21,0.52,0.76,1.7,40.0
Cc1cc(C)c(-c2c3cc(-c4ccc(-c5ccc(-c6cccs6)c6nsnc65)s4)sc3c(-c3sc(C)cc3C)c3ccsc32)s1,10.1021/ar5000743,HBLLULDHUVBBRK-UHFFFAOYSA-N,polymer,bulk,PC71BM,-5.31,-3.44,1.87,1.75,5.66,0.92,10.7,57.5
CN1C(=O)C2=C(c3ccc(-c4cc5c(s4)-c4sccc4C5(C)C)s3)N(C)C(=O)C2=C1c1cccs1,10.1039/C1EE01072G,PMSGCWOFUHVEDL-UHFFFAOYSA-N,polymer,bulk,PC71BM,-4.95,-3.31,1.64,1.31,2.3,0.47,10.8,45.0
CN1C(=O)C2=C(c3ccc(-c4ccc5c(c4)C(C)(C)c4ccccc4-5)s3)N(C)C(=O)C2=C1c1cccs1,10.1039/C1EE01072G,SOOXIXVBZVRWII-UHFFFAOYSA-N,polymer,bulk,PC61BM,-5.42,-3.64,1.78,1.75,0.9,0.74,2.5,47.0
Cn1c(-c2ccc(C=C(C#N)C(=O)O)s2)ccc1-c1ccc2c(c1)c1cc(N(c3ccccc3)c3ccccc3)ccc1n2C,10.1021/jp801036s,SMZPQYLINURYGL-GKPLWNPISA-N,molecule,DSSC,TiO2,-5.1,-3.02,2.08,nan,4.8,0.58,12.93,64.0
N#CC(=Cc1ccc(C(C#N)=Cc2ccc(-c3ccc(N(c4ccccc4)c4ccccc4)cc3)s2)s1)C(=O)O,10.1039/B908802D,RNUOVSXWPZTBOS-WJFDJXNHSA-N,molecule,DSSC,TiO2,nan,nan,nan,nan,4.15,0.56,11.43,65.0
COc1cccc(-c2nc3c(-c4cccs4)ccc(-c4ccc(-c5cc6c(s5)c(OC)c5ccsc5c6OC)s4)c3nc2-c2cccc(OC)c2)c1,10.1021/ar5000743,DAYYNNRDMWPSNV-UHFFFAOYSA-N,polymer,bulk,PC71BM,-5.12,-3.38,1.74,1.74,3.06,0.71,7.0,61.5
Cc1c(C)c(-c2ccc(C3=S=C(c4ccc(C=C(C#N)C#N)s4)C(C)=C3C)s2)sc1-c1ccc(C=C(C#N)C#N)s1,10.1016/j.solmat.2010.07.003,DBDXWHKEUFCFIQ-UHFFFAOYSA-N,molecule,bilayer,C60,nan,nan,nan,nan,3.4,1.0,10.6,49.0
Cc1ccc(-c2ccc(-c3cc(F)c(-c4cc5c(s4)-c4sc(-c6c7nsnc7c(-c7ccc(-c8ccc(C)s8)s7)cc6F)cc4[Si]5(C)C)c4nsnc43)s2)s1,10.1021/ar400088c,LNMKMESEJYZMDZ-UHFFFAOYSA-N,molecule,bulk,PC71BM,-5.12,-3.34,1.78,1.55,7.0,0.809,12.8,68.0
Cc1c(-c2cccs2)sc2c(C)c(-c3ccc(-c4scc5c4C(=O)N(C)C5=O)s3)sc12,10.1039/c1cc10585j,FYSYYGXSUSGPJD-UHFFFAOYSA-N,polymer,bulk,PC71BM,-5.54,-3.0,2.54,1.84,5.1,0.85,8.99,67.0
Cc1ccc(-c2csc(-c3cc(-c4ccc(C)s4)c(-c4ccc(C5=C6C(=O)N(C)C(c7cccs7)=C6C(=O)N5C)s4)s3)c2)s1,10.1039/C1EE01072G,GCDVSQOOAPXEKU-UHFFFAOYSA-N,polymer,bulk,PC71BM,-5.17,-3.62,1.55,1.29,2.4,0.65,8.0,46.0
COc1ccc(-c2nc3c(nc2-c2ccc(OC)cc2)c(-c2ccc(-c4ccc5c(c4)C(C)(C)c4ccccc4-5)s2)sc3-c2cccs2)cc1,10.1021/ar900061z,ABRZWQDNVMVYEW-UHFFFAOYSA-N,polymer,bulk,PC61BM,-5.0,-3.4,1.6,nan,2.2,0.59,8.88,42.0
N#CC(=Cc1ccc(-c2ccc(-c3ccc(N(c4ccccc4)c4ccccc4)cc3)c3nsnc32)s1)C(=O)O,10.1039/B908802D,RYOLCULWHQVBHR-ZBJSNUHESA-N,molecule,DSSC,TiO2,nan,nan,nan,nan,3.77,0.546,10.44,66.0
CC1(C)CC(C=Cc2ccc(N(c3ccc(-n4c5ccccc5c5ccccc54)cc3)c3ccc(-n4c5ccccc5c5ccccc54)cc3)cc2)=CC(=C(C#N)C(=O)O)C1,10.1021/jo800159t,SAWIFHKLCDKQHJ-LHNKSHTISA-N,molecule,DSSC,TiO2,-5.71,-3.54,2.17,nan,6.02,0.632,13.8,69.0
c1csc(-c2ccsc2-c2cccs2)c1,10.1021/jp210822s,SBVKMIQOXJYJIM-UHFFFAOYSA-N,polymer,bulk,PC61BM,-5.27,-2.67,2.6,nan,0.58,0.714,2.09,40.0
Cc1csc(-c2nnc(-c3cc(C)c(-c4cc5c(s4)-c4sccc4[Si]5(C)C)s3)nn2)c1,10.1039/c0cc02766a,VONMCJGTSJVZLE-UHFFFAOYSA-N,polymer,bulk,PC71BM,-5.29,-3.67,1.62,1.65,4.2,0.79,10.1,52.5
Cn1c2ccccc2c2ccccc21,10.1039/C1EE01072G,IHHPPQQMICATBQ-UHFFFAOYSA-N,polymer,bulk,PDI,nan,nan,nan,nan,0.6,0.71,0.26,37.0
COc1ccc(-c2nc3c(-c4cccs4)ccc(-c4ccc(-c5cc6c7c8c(cccc8CCc7c5)n6C)s4)c3nc2-c2ccc(OC)cc2)cc1,10.1002/adma.201101319,DCYPBTLVNJFCNS-UHFFFAOYSA-N,polymer,bulk,PC61BM,-5.15,nan,nan,1.7,6.07,0.81,11.4,65.8
COC(=O)c1cc2c(-c3cccs3)sc(-c3ccc(-c4cc5c(s4)c(-c4cc(F)c(C)s4)c4ccsc4c5-c4cc(F)c(C)s4)s3)c2s1,10.1021/ar5000743,QJTBYOOWUKJOHK-UHFFFAOYSA-N,polymer,bulk,PC71BM,-5.15,-3.27,1.88,1.64,7.2,0.74,14.4,67.7
COC(=O)N1C(=O)C2=C(c3ccc(-c4ccc(C5=S=C(C)C=C5)s4)s3)N(C(=O)OC)C(=O)C2=C1c1ccc(-c2ccc(-c3ccc(C)s3)s2)s1,10.1021/cm102189g,XDUMELIPVYZLFU-UHFFFAOYSA-N,molecule,bulk,PC61BM,nan,nan,nan,nan,2.3,0.67,8.42,45.0
C#Cc1cc2c(s1)c1sc(C#Cc3cccc4nsnc43)cc1n2C,10.1016/j.solmat.2010.05.042,PYCWTXWPHGVYQW-UHFFFAOYSA-N,polymer,bulk,PC61BM,nan,nan,nan,nan,1.4,0.72,4.97,39.0
Cn1c2ccccc2c2ccc(-c3ccc(-c4cnc(-c5cccs5)c5nccnc45)s3)cc21,10.1039/C1EE01072G,KDXBDHANQUGWAI-UHFFFAOYSA-N,polymer,bulk,PC61BM,-5.52,-3.67,1.85,1.89,1.1,0.9,2.6,44.0
CC1(C)c2cc(-c3ccc(C=C(C#N)C(=O)O)s3)ccc2-c2c1c1c(c3c2C(C)(C)c2cc(N(c4ccccc4)c4ccccc4)ccc2-3)C(C)(C)c2cc(N(c3ccccc3)c3ccccc3)ccc2-1,10.1039/B908802D,YMDMSRVKGRZHLS-VSMFVEQNSA-N,molecule,DSSC,TiO2,nan,nan,nan,nan,4.27,0.731,7.89,74.0
Cc1ccc(-c2c3ccsc3c(-c3ccc(C)s3)c3cc(-c4scc5cc(S(C)(=O)=O)sc54)sc32)s1,10.1021/ar5000743,QPVSVYIJVRMREW-UHFFFAOYSA-N,polymer,bulk,PC71BM,-5.29,nan,nan,1.61,5.93,0.78,12.27,61.98
Cc1cc(-c2ccc(N(c3ccccc3)c3ccccc3)cc2)sc1-c1nc2sc(-c3sc(-c4ccc(N(c5ccccc5)c5ccccc5)cc4)cc3C)nc2s1,10.1002/adma.201200721,UOXSLHGKQMBWLM-UHFFFAOYSA-N,molecule,bulk,PC71BM,-5.355,-2.99,2.365,2.28,3.73,0.91,9.39,43.7
CC1(C)Oc2cc(-c3c4nsnc4cc(F)c3F)sc2-c2sccc21,10.1038/ncomms2411,ZMDVTFUZZZZBFD-UHFFFAOYSA-N,polymer,bulk,PC71BM,-5.26,-3.61,1.65,1.38,10.2,1.51,9.8,69.2
COc1c(OC)c(-c2ccc(-c3ccc4c(c3)[Si](C)(C)c3ccccc3-4)s2)c2nsnc2c1-c1cccs1,10.1002/pola.24870,VUYAWANRJWKQBR-UHFFFAOYSA-N,polymer,bulk,PC71BM,-5.44,-3.51,1.93,1.98,6.05,0.91,11.5,58.0
CN1C(=O)C2=C(c3ccc(-c4cccs4)o3)N(C)C(=O)C2=C1c1ccco1,10.1021/ja108115y,WYZYONJGBMMCPR-UHFFFAOYSA-N,polymer,bulk,PC71BM,-5.4,-3.8,1.6,1.41,5.0,0.74,11.2,60.0
CC1(C)c2ccccc2-c2ccc(N(c3ccc(C=C(C#N)c4ccc(C=C(C#N)C(=O)O)s4)cc3)c3ccc4c(c3)C(C)(C)c3ccccc3-4)cc21,10.1039/B908802D,SXMYBEOMQJDUDW-OQXOEEKASA-N,molecule,DSSC,TiO2,nan,nan,nan,nan,4.81,0.61,12.48,64.0
Cc1ccc(C2(c3ccc(C)cc3)c3ccsc3-c3cc4c(cc32)-c2sc(-c3cccc5nsnc53)cc2C4(c2ccc(C)cc2)c2ccc(C)cc2)cc1,10.1039/c0cc01087a,VYOLWDRUZOVKDF-UHFFFAOYSA-N,polymer,bulk,PC71BM,-5.36,-3.52,1.84,nan,6.41,0.85,11.2,67.2
C[Si]1(C)c2cc(-c3cnc(-c4cc5ccccc5s4)c4nsnc43)sc2-c2sc(-c3cnc(-c4cc5ccccc5s4)c4nsnc43)cc21,10.1039/C1JM11963J,XINVOFNHZGYDLG-UHFFFAOYSA-N,molecule,bulk,PC71BM,-5.25,-3.55,1.7,1.64,nan,nan,nan,nan
Cc1csc(-c2ccc(C3=C4C(=O)N(C)C(c5ccc(-c6cc(C)cs6)s5)=C4C(=O)N3C)s2)c1,10.1039/C1EE01072G,YVMANOBWZQKSOU-UHFFFAOYSA-N,polymer,bulk,PC71BM,-5.1,-3.4,1.7,1.4,4.0,0.61,11.3,58.0
COc1c2ccsc2c(OC)c2cc(-c3ccc(-c4c5nonc5c(-c5cccs5)c(OC)c4OC)s3)sc21,10.1039/c1cc12040a,DILVMYXDVVKLRR-UHFFFAOYSA-N,polymer,bulk,PC61BM,-5.27,-3.16,2.11,1.74,5.7,0.86,10.4,64.4
N#CC(C#N)=Cc1ccc(-c2ccc(N(c3ccc(-c4ccc(C=Cc5cccs5)s4)cc3)c3ccc(-c4ccc(C=C(C#N)C#N)s4)cc3)cc2)s1,10.1021/ja058178e,TYQGFNYYJCGQNN-FOCLMDBBSA-N,molecule,bilayer,PC61BM,nan,nan,nan,nan,1.17,0.89,3.65,36.0
CC1(C)c2ccsc2-c2sc(-c3cccc4nsnc43)cc21,10.1038/ncomms2411,OYDUUJTZFHWCRG-UHFFFAOYSA-N,polymer,bulk,PC71BM,-5.15,-3.56,1.62,1.365,3.4,0.62,11.0,50.0
COc1ccc(-c2nc3c(-c4cccs4)ccc(-c4ccc(-c5ccc6c(c5)C(C)(C)c5ccccc5-6)s4)c3nc2-c2ccc(OC)cc2)cc1,10.1021/ar900061z,QGCSOXOVJLAGMH-UHFFFAOYSA-N,polymer,bulk,PC61BM,nan,nan,nan,nan,2.7,0.9,4.27,70.0
COc1c2ccsc2c(OC)c2cc(-c3ccc(-c4sc(-c5cccs5)c5c4C(=O)N(C)C5=O)s3)sc21,10.1002/adfm.201001771,KKTIQUFMDLAPEE-UHFFFAOYSA-N,polymer,bulk,PC61BM,-5.49,-3.7,1.79,1.84,0.95,0.76,2.9,43.0
CC1(C)c2ccsc2-c2cc3c(cc21)-c1sc(-c2ccc(-c4nnc(-c5cccs5)nn4)s2)cc1C3(C)C,10.1021/cm2019586,VOKOONNEZACTOY-UHFFFAOYSA-N,polymer,bulk,PC71BM,-5.22,-2.97,2.25,1.82,3.04,0.9,8.85,38.1
C[Si]1(C)c2ccsc2-c2sc(-c3cccc4nsnc43)cc21,10.1038/nchem.403,MNYSRSPUXDLTPW-UHFFFAOYSA-N,polymer,bulk,PC71BM,-5.33,-3.6,1.7,1.37,5.9,0.57,17.3,61.0
Cc1csc(-c2ccc(-c3cc(C)c(-c4cc5c(s4)c(-c4ccc(C)s4)c4ccsc4c5-c4ccc(C)s4)s3)c3nsnc32)c1,10.1021/ar5000743,ANJMWEOIQJOAKX-UHFFFAOYSA-N,polymer,bulk,PC71BM,-5.14,-3.22,1.92,1.63,2.34,0.82,5.78,49.5
Cc1csc(-c2cccc3nsnc32)c1C,nan,nan,nan,nan,nan,nan,nan,nan,nan,nan,nan,nan,nan
Cc1ccc(C2(c3ccc(C)cc3)c3ccsc3-c3cc4c(cc32)-c2sc(-c3ccc(-c5cccs5)s3)cc2C4(c2ccc(C)cc2)c2ccc(C)cc2)cc1,10.1021/ar900061z,ZXMPEKZEFIBMLZ-UHFFFAOYSA-N,polymer,bulk,PC71BM,-5.18,-3.07,2.11,2.11,2.71,0.79,7.0,49.0
COc1c2ccsc2c(OC)c2c1=S=C(c1sc(-c3sc(-c4nc(C)c(-c5cc(C)cs5)s4)nc3C)cc1C)C=2,10.1002/adma.201200721,RQPBIJDNDCCEIJ-UHFFFAOYSA-N,polymer,bulk,PC71BM,-5.48,-2.92,2.56,1.94,2.54,0.82,6.64,46.6
CN1c2ccccc2Sc2cc(C=Cc3ccsc3-c3cccs3)ccc21,10.1021/jp803187u,NRLSYRUAQJFJBD-JQIJEIRASA-N,polymer,bulk,PC61BM,-4.99,-2.99,2.0,nan,1.0,0.73,4.03,34.0
CN1C(=O)C2=C(c3ccc(C=Cc4ccc(C(F)(F)F)cc4)s3)N(C)C(=O)C2=C1c1ccc(C=Cc2ccc(C(F)(F)F)cc2)s1,10.1039/c1ee01544c,JNTVLJYIQLPEEZ-GJHDBBOXSA-N,molecule,bilayer,C60,-5.13,-3.46,1.67,1.65,3.4,0.86,5.26,43.0
Cc1ccsc1C1=NC2SC(c3sc(-c4cc5c(s4)-c4sccc4[Si]5(C)C)cc3C)=NC2S1,10.1002/adma.201200721,BUOLASIYYCPRJJ-UHFFFAOYSA-N,polymer,bulk,PC71BM,-5.185,-3.16,2.025,1.8,5.59,0.77,11.9,61.0
C(=Cc1ccc(C=Cc2ccc(N(c3ccccc3)c3ccccc3)cc2)c2nsnc21)c1ccc(N(c2ccccc2)c2ccccc2)cc1,10.1039/B908802D,VIGCQTBKIXJJHG-GPAWKIAZSA-N,molecule,bulk,PC61BM,nan,nan,nan,nan,0.35,0.84,1.25,34.0
COc1c2cc(-c3cc(C=Cc4sc(-c5ccc(-c6cc(C)cs6)c6nsnc65)cc4C)cs3)sc2c(OC)c2ccsc21,10.1039/C1CC12851E,ZCUFQCSDTXUSAD-AZPGRJICSA-N,polymer,bulk,PC71BM,-5.56,-3.63,1.93,nan,4.32,0.84,10.59,49.0
N#CC(=Cc1sc(-c2ccc(N(c3ccccc3)c3ccccc3)cc2)c2c1OCCO2)C(=O)O,10.1039/B908802D,VJROEWRBJLOOCA-LVZFUZTISA-N,molecule,DSSC,TiO2,nan,nan,nan,nan,7.3,0.69,15.5,68.3
CC1(C)c2ccsc2-c2sc(-c3ccc(-c4nc5sc(-c6cccs6)nc5s4)s3)cc21,10.1002/adma.201200721,NJRLHLKTLARZBZ-UHFFFAOYSA-N,polymer,bulk,PC61BM,-5.06,-3.46,1.6,1.79,2.23,0.692,7.14,45.0
Cc1cc2c3cc(C)sc3c3nc4c(-c5ccc(-c6ccc7c8ccccc8n(C)c7c6)s5)ccc(-c5cccs5)c4nc3c2s1,10.1021/ma1027164,PIXIDKPFMHTGSB-UHFFFAOYSA-N,polymer,bulk,PC71BM,-5.17,-3.51,1.66,nan,3.0,0.75,6.4,54.0
C=Cc1cc(OC)c(C=Cc2cc(C=C(C#N)c3ccc([N+](=O)[O-])cc3)ccc2C=C(C#N)c2ccc([N+](=O)[O-])cc2)cc1OC,10.1021/ma100943t,QTRLHXBHNFQDEI-JJRGDJCYSA-N,polymer,bulk,PC61BM,-5.3,-3.6,1.7,1.64,3.35,0.92,7.0,53.0
Cc1ccc(-c2nc3cccc(-c4ccc(-c5ccc6c(c5)C(C)(C)c5cc(-c7cccs7)ccc5-6)s4)c3nc2-c2ccc(C)s2)s1,10.1021/ma1027164,FIHNDERZLYEOSE-UHFFFAOYSA-N,polymer,bulk,PC71BM,-5.26,-3.4,1.86,nan,4.4,0.9,7.4,59.0
COc1ccc(C#Cc2ccc(-c3ccc(-c4ccc(C#Cc5ccc(OC)c(OC)c5)s4)c4nsnc43)s2)cc1OC,10.1016/j.solmat.2010.07.017,CEXIAXODYIAEJE-UHFFFAOYSA-N,molecule,bulk,PC61BM,-5.37,-3.45,1.92,1.9,0.66,0.88,2.2,34.0
N#CC(=Cc1ccc(C(C#N)=Cc2ccc(N(c3ccccc3)c3ccccc3)cc2)s1)C(=O)O,10.1039/B908802D,VVOPZXKTKHCKQA-SKWBHROBSA-N,molecule,DSSC,TiO2,nan,nan,nan,nan,4.28,0.59,11.4,64.0
CC1(C)c2cc(C=C(C#N)C#N)sc2-c2sc(C=C(C#N)C#N)cc21,10.1016/j.solmat.2010.08.032,JSIZGIMYOQYTSX-UHFFFAOYSA-N,molecule,bulk,C60,nan,nan,nan,1.9,0.0005,0.623,0.036,24.0
COc1c2ccsc2c(OC)c2cc(-c3cc(C)c(-c4nc5sc(-c6sccc6C)nc5s4)s3)sc21,10.1002/adma.201200721,LKPKQKJVFNCKRM-UHFFFAOYSA-N,polymer,bulk,PC61BM,-5.3,-2.8,2.5,1.99,2.72,0.76,6.32,56.7
COc1c2ccsc2c(OC)c2cc(-c3scc4c3C(=O)N(C)C4=O)sc21,10.1039/C1EE01072G,RVULKLYRBVBEFQ-UHFFFAOYSA-N,polymer,bulk,PC71BM,-5.45166666667,-3.585,1.86666666667,1.83,5.5,0.85,9.81,66.0
CN1C(=O)C2=C(c3ccc(-c4cccs4)s3)N(C)C(=O)C2=C1c1cccs1,10.1039/C1EE01072G,NFYDOIVAURPMSK-UHFFFAOYSA-N,polymer,bulk,PC71BM,-5.17,-3.61,1.56,1.3,4.7,0.65,11.8,60.0
COc1ccc(C#Cc2ccc(C#Cc3ccc(-c4ccc(-c5ccc(C#Cc6ccc(C#Cc7ccc(OC)c(OC)c7)cc6)s5)c5nsnc54)s3)cc2)cc1OC,10.1016/j.solmat.2010.07.017,GINORPFNOYSJFX-UHFFFAOYSA-N,molecule,bulk,PC61BM,-5.47,-3.56,1.91,1.9,0.14,0.74,0.69,27.0
Cc1ccc(C2(c3ccc(C)cc3)c3ccsc3-c3cc4c(cc32)-c2sc(-c3cccs3)cc2C4(c2ccc(C)cc2)c2ccc(C)cc2)cc1,10.1021/ar900061z,MXGYUFORMYJFBO-UHFFFAOYSA-N,polymer,bulk,PC71BM,-5.1,-3.02,2.08,2.08,3.28,0.8,7.6,54.0
CC(=O)c1cc2c(csc2-c2cc3c(s2)c2sccc2c(C)c3C)s1,10.1039/c1cc12643a,OIFVHWYPSFDUSA-UHFFFAOYSA-N,polymer,bulk,PC71BM,-5.35,-3.8,1.55,1.55,5.21,0.82,11.76,54.1
CC1(C)c2ccccc2-c2ccc(N(c3ccc(-c4ccc(-c5ccc(C=C(C#N)C(=O)O)s5)s4)cc3)c3ccc4c(c3)C(C)(C)c3ccccc3-4)cc21,10.1039/B908802D,WMQNQIQSGMYKLJ-UHFFFAOYSA-N,molecule,DSSC,TiO2,nan,nan,nan,nan,8.01,0.753,14.0,77.0
N#CC(=Cc1cc(C#N)c(C=Cc2ccc(N(c3ccccc3)c3ccccc3)cc2)cc1C#N)C(=O)O,10.1039/B908802D,WOBHBEKVDDFGNI-PQNPBBKWSA-N,molecule,DSSC,TiO2,nan,nan,nan,nan,0.44,0.48,1.3,70.0
CC1(C)c2cc(-c3ccc(-c4ccc(-c5ccc(C=C(C#N)C#N)s5)s4)s3)ccc2-c2ccc(N(c3ccccc3)c3ccccc3)cc21,10.1039/B908802D,CSLGBGAWQKFLJF-UHFFFAOYSA-N,molecule,bilayer,PC61BM,nan,nan,nan,nan,2.12,0.89,6.25,38.0
Cc1ccc(-c2c3cc(-c4ccc(C5=C6C(=O)N(C)C(c7cccs7)=C6C(=O)N5C)s4)sc3c(-c3ccc(C)cc3)c3ccsc32)cc1,10.1021/ar5000743,ZZGDLIMBMUISKD-UHFFFAOYSA-N,polymer,bulk,PC71BM,-5.35,nan,nan,1.46,6.2,0.76,13.6,60.0
Cc1ccc(-n2c(-c3ccsc3)nc3c2c2ccc(C)cc2c2cc(C)ccc32)cc1,10.1002/adma.200802379,BTSJTKMBWMKFKV-UHFFFAOYSA-N,polymer,bulk,PC61BM,-4.7,-2.9,1.8,1.85,4.1,0.61,11.3,60.0
COC(=O)c1sc2c(csc2-c2cc3c(s2)c(OC)c2ccsc2c3OC)c1F,10.1039/C1EE01072G,XGVWYFHGQNLNIK-UHFFFAOYSA-N,polymer,bulk,PC71BM,-5.15,-3.31,1.84,1.63,7.4,0.74,14.5,69.0
Cn1c2ccccc2c2ccc(-c3ccc(-c4sc(-c5cccs5)c5nc(-c6ccccc6)c(-c6ccccc6)nc54)s3)cc21,10.1039/C1EE01072G,SZUPKEYLRXZRER-UHFFFAOYSA-N,polymer,bulk,PC61BM,-5.23,-3.55,1.68,1.46,0.9,0.62,3.94,37.0
Cc1ccc(-c2c3cc(-c4cc5sc(C6=C7C(=O)N(C)C(c8cc9sccc9s8)=C7C(=O)N6C)cc5s4)sc3c(-c3ccc(C)s3)c3ccsc32)s1,10.1021/ar5000743,FFXKPOJMUSPAJG-UHFFFAOYSA-N,polymer,bulk,PC71BM,-5.05,-3.62,1.43,1.43,6.18,0.63,16.25,60.0
Cc1cc2c3cc(C)sc3c3nc4c(cccc4-c4ccc(-c5ccc6c(c5)C(C)(C)c5cc(-c7cccs7)ccc5-6)s4)nc3c2s1,10.1021/ma1027164,MKQHJCXHGFCOQK-UHFFFAOYSA-N,polymer,bulk,PC71BM,-5.21,-3.53,1.68,nan,2.1,0.85,4.7,51.0
Cc1csc(-c2ccc(-c3cc(C)c(-c4cc5c(s4)c(C)c4ccsc4c5C)s3)c3nsnc32)c1,10.1002/anie.201005451,DKCPJJPYKLFOKA-UHFFFAOYSA-N,polymer,bulk,PC61BM,-5.4,-3.13,2.27,nan,5.0,0.87,10.03,57.3
Cc1cc(C=C2C(=O)N(C)C(=O)N(C)C2=O)sc1-c1cc(C)c(-c2cc(C)c(-c3ccc(-c4sc(-c5sc(C6=S=C(C=C7C(=O)N(C)C(=O)N(C)C7=O)C=C6C)cc5C)cc4C)s3)s2)s1,10.1021/ar400088c,MQBMORNHSRIKKK-UHFFFAOYSA-N,molecule,bulk,PC61BM,-5.12,-3.5,1.62,1.67,4.05,0.9,7.54,60.0
Cc1nc2c(nc1C)c(-c1ccc(-c3ccc4c5ccccc5n(C)c4c3)s1)sc2-c1cccs1,10.1039/C1EE01072G,DQNRUPMJIDKFGW-UHFFFAOYSA-N,polymer,bulk,PC61BM,-5.24,-3.45,1.79,1.515,1.0,0.56,4.41,41.0
COc1c2cc(-c3cc(C)c(-c4ccc(-c5sc(C=C6SC(=S)N(C)C6=O)cc5C)s4)s3)sc2c(OC)c2cc(-c3cc(C)c(-c4ccc(-c5sc(C=C6SC(=S)N(C)C6=O)cc5C)s4)s3)sc21,10.1021/ar400088c,GYXKSYCDURPZMP-KDNYMMEOSA-N,molecule,bulk,PC71BM,-5.02,-3.27,1.75,1.74,6.92,0.93,11.4,65.3
CN1C(=O)C2=C(c3cc4sccc4s3)N(C)C(=O)C2=C1c1cc2sccc2s1,10.1021/ja110619k,NGJDBDVVAKUKRY-UHFFFAOYSA-N,polymer,bulk,PC71BM,-5.04,-3.76,1.28,nan,3.0,0.57,8.9,59.0
COc1ccc(-c2nc3c(-c4scc5c4OCCO5)ccc(-c4sc(-c5ccc6c(c5)C(C)(C)c5ccccc5-6)c5c4OCCO5)c3nc2-c2ccc(OC)cc2)cc1,10.1021/ar900061z,JUVOGBJQWSDUOX-UHFFFAOYSA-N,polymer,bulk,PC61BM,-5.6,-3.4,2.2,1.9,1.1,0.66,3.7,44.0
COc1c(OC)c(-c2ccc(-c3ccc4c5ccccc5n(C)c4c3)s2)c2nsnc2c1-c1cccs1,10.1039/C1EE01072G,XOTLMYMUPLOCIG-UHFFFAOYSA-N,polymer,bulk,PC71BM,-5.3025,-3.3225,1.98,1.9775,5.4,0.81,9.6,69.0
COc1ccc(N(c2ccc(OC)cc2)c2cccc(-n3c4ccccc4c4ccc(-c5ccc(-c6c7nsnc7c(-c7cccs7)c7nc(-c8ccccc8)c(-c8ccccc8)nc76)s5)cc43)c2)cc1,10.1039/C1EE01072G,GWHMXSLQGGWQLD-UHFFFAOYSA-N,polymer,bulk,PC61BM,nan,nan,nan,1.1,0.6,0.41,5.16,29.0
COc1ccc(C#Cc2c3ccccc3c(C#Cc3ccc(OC)c(OC)c3)c3ccccc23)cc1OC,10.1021/cm102189g,MOLAQZWIAWJHSK-UHFFFAOYSA-N,molecule,bulk,PC61BM,nan,nan,nan,nan,1.27,0.89,3.1,45.0
Cc1cc(C=C(C#N)C(=O)O)sc1-c1cc(C)c(-c2cc(C)c(-c3ccc(N(c4ccc5c(c4)C(C)(C)c4ccccc4-5)c4ccc5c(c4)C(C)(C)c4ccccc4-5)cc3)s2)s1,10.1039/B908802D,BNUQZTBHXHSESO-SFQGPEBKSA-N,molecule,DSSC,TiO2,nan,nan,nan,nan,7.42,0.641,16.13,72.0
Cc1ccsc1-c1sc(-c2sc(C3=S=C(c4sccc4C)C(C)=C3)cc2C)c2nc3c(nc21)-c1cccc2cccc-3c12,10.1021/cm900788e,MJGXZKRSCUBSDA-UHFFFAOYSA-N,polymer,bulk,PC61BM,-4.845,-3.465,1.38,nan,0.34,0.535,2.01,31.0
Cc1ccc(-c2c3cc(-c4ccc(-c5sc(-c6cccs6)c6c5C(=O)c5c(C)sc(C)c5C6=O)s4)sc3c(-c3ccc(C)s3)c3ccsc32)s1,10.1021/ar5000743,AVMQXWGAKMWCNO-UHFFFAOYSA-N,polymer,bulk,PC71BM,-5.23,-3.18,2.05,nan,6.67,0.86,10.68,72.27
Cn1c(-c2ccc(C=C(C#N)C(=O)O)cc2)ccc1-c1ccc(N(c2ccccc2)c2ccccc2)cc1,10.1021/jp801036s,XYHQMVAOYAZVBU-HPNDGRJYSA-N,molecule,DSSC,TiO2,-5.08,-2.71,2.37,nan,4.77,0.6,13.47,59.0
N#CC(C#N)=Cc1ccc(-c2ccc(N(c3ccc(-c4ccc(C=Cc5cccs5)s4)cc3)c3ccc(-c4ccc(C=Cc5cccs5)s4)cc3)cc2)s1,10.1021/ja058178e,YAITUBYBUZTCMU-XPWSMXQVSA-N,molecule,bilayer,PC61BM,nan,nan,nan,nan,0.49,0.72,1.97,34.0
COC(=O)c1cc2c(csc2-c2sc3c(c2F)c(OC)c2scc(F)c2c3OC)s1,10.1021/ja108601g,VBJPDPLGXYSTEC-UHFFFAOYSA-N,polymer,bulk,PC61BM,-5.41,-3.6,1.81,1.75,3.2,0.68,11.0,43.4
COc1c2sc(-c3ccc(C4=C5C(=O)N(C)C(c6cccs6)=C5C(=O)N4C)s3)cc2cc2c1cc1cc(-c3ccc(C4=C5C(=O)N(C)C(c6cccs6)=C5C(=O)N4C)s3)sc1c2OC,10.1021/ja202791n,OOYNKIWTTXRXBQ-UHFFFAOYSA-N,molecule,bulk,PC61BM,-5.4,-3.68,1.72,1.72,4.06,0.84,11.27,42.0
Cn1c(-c2ccc(C=C(C#N)C(=O)O)s2)ccc1-c1ccc(-c2ccc3c(c2)C(C)(C)c2cc(N(c4ccccc4)c4ccccc4)ccc2-3)s1,10.1021/jp801036s,UGWQBJIUYCJUJI-GKPLWNPISA-N,molecule,DSSC,TiO2,-5.16,-2.99,2.17,nan,5.25,0.6,13.54,64.0
COc1c2cc(-c3cccs3)sc2c(OC)c2ccsc21,10.1021/ar900061z,MTYPYNMHLDBKKJ-UHFFFAOYSA-N,polymer,bulk,PC71BM,-5.05,-2.69,2.36,2.06,1.59,0.75,3.78,56.0
C(=Cc1ccc(N(c2ccccc2)c2ccccc2)cc1)c1ccc(-c2ccc(-c3ccc(C=Cc4ccc(N(c5ccccc5)c5ccccc5)cc4)s3)c3nsnc32)s1,10.1016/j.solmat.2010.07.003,YIEKUEGEKMRXGY-YESHOFFLSA-N,molecule,bulk,PC61BM,nan,nan,nan,nan,0.26,0.76,0.87,33.0
CC1(C)c2cc(C=C(C#N)C(=O)O)sc2-c2sc(-c3ccc(N(c4ccc(N5c6ccccc6Sc6ccccc65)cc4)c4ccc(N5c6ccccc6Sc6ccccc65)cc4)cc3)cc21,10.1039/c1ee02432a,SFDBXBUXZCKSNE-UHFFFAOYSA-N,molecule,DSSC,TiO2,nan,nan,nan,nan,7.7,0.95,10.54,77.0
Cc1csc(-c2nnc(-c3cc(C)c(-c4cc5c(s4)-c4sccc4C5(C)C)s3)nn2)c1,10.1002/pola.24774,LEFNEIUVQAQIPD-UHFFFAOYSA-N,polymer,bulk,PC71BM,-5.5075,-3.8025,1.705,1.67,5.53,0.75,12.5,59.0
COc1c(OC)c(-c2ccc(-c3ccc4c(c3)C(C)(C)c3ccccc3-4)s2)c2nsnc2c1-c1cccs1,10.1021/ma201477b,ZXPUXXOBHOHSCO-UHFFFAOYSA-N,polymer,bulk,PC71BM,nan,nan,nan,2.04,3.1,0.97,6.7,47.0
COC(=O)c1cc2csc(-c3ccc(-c4ccc(-c5sccc5C)s4)s3)c2s1,10.1039/C1EE01072G,GBXWVINFJKULLR-UHFFFAOYSA-N,polymer,bulk,PC61BM,nan,nan,nan,1.27,1.3,0.51,6.61,37.0
COc1ccc(N(c2ccc(OC)cc2)c2ccc(-c3sc(-c4cc5sc(C=C(C#N)C(=O)O)cc5s4)c4c3OCCO4)cc2)cc1,10.1039/B908802D,YUZJOCZUKOBLAL-QVAGMWBUSA-N,molecule,DSSC,TiO2,nan,nan,nan,nan,9.8,0.803,16.1,75.9
Cc1nc(-c2nc(C)c(-c3ccc(C4=S=C5c6sccc6C(C)(C)C5=C4)s3)s2)sc1-c1cccs1,10.1002/adma.201200721,CEGUORZDOHFHLY-UHFFFAOYSA-N,polymer,bulk,PC61BM,-5.07,-3.55,1.52,1.84,3.04,0.7,8.0,53.7
COc1c2sccc2c2cc(-c3ccc(-c4sc(-c5nc(C)c(-c6cccs6)s5)nc4C)s3)sc2c1OC,10.1002/adma.201200721,IATQERFZXVQCLU-UHFFFAOYSA-N,polymer,bulk,PC71BM,-5.16,-2.82,2.34,2.01,2.81,0.88,5.2,61.3
N#CC(=Cc1ccc(C=Cc2ccc(C=Cc3ccc(N(c4ccccc4)c4ccccc4)cc3)s2)s1)C(=O)O,10.1039/B908802D,YUCUPELWWROKKP-TYDBOLCLSA-N,molecule,DSSC,TiO2,nan,nan,nan,nan,1.7,0.58,4.56,64.0
Cc1ccc(-c2c3cc(-c4sc5cc(-c6ccc(-c7csc8c(C)csc78)c7nsnc76)sc5c4C)sc3c(-c3ccc(C)s3)c3ccsc32)s1,10.1021/ar5000743,NZXYFNIRLVACHK-UHFFFAOYSA-N,polymer,bulk,PC71BM,-5.11,-3.33,1.78,1.65,6.03,0.78,12.46,62.0
CN1C(=O)C2=C(c3ccc(-c4cc5ccccc5c5ccccc45)s3)N(C)C(=O)C2=C1c1ccc(-c2cc3ccccc3c3ccccc23)s1,10.1016/j.solmat.2011.05.006,BQMFXDNIGXYASP-UHFFFAOYSA-N,molecule,bulk,PC71BM,-4.98,-3.68,1.3,1.77,0.69,0.92,2.79,27.0
CC1(C)c2cc(-c3ccc(-c4ccc(C=C(C#N)C(=O)O)s4)s3)ccc2-c2ccc(N(c3ccccc3)c3cccc4ccccc43)cc21,10.1021/jp801036s,HPIFLXJYNDVEOP-QCKNELIISA-N,molecule,DSSC,TiO2,nan,nan,nan,nan,5.7,0.62,13.4,62.0
CC1(C)c2cc(-c3ccc(-c4ccc(C=C(C#N)C(=O)O)s4)s3)ccc2-c2ccc(N(c3ccccc3)c3cccc4ccccc43)cc21,10.1039/B908802D,HPIFLXJYNDVEOP-GDWJVWIDSA-N,molecule,DSSC,TiO2,nan,nan,nan,nan,5.7,0.62,13.4,62.0
CC1=CC(c2cc(C)c(-c3sc(-c4cc(C)c(-c5nc6scnc6s5)s4)cc3C)s2)=S=C1,10.1002/adma.201200721,ZOQURLWORYWQHE-UHFFFAOYSA-N,polymer,bulk,PC71BM,-5.6,-2.75,2.85,1.91,2.7,0.93,5.94,48.9
COc1cc2c3ccsc3c3sc(-c4cccc5nsnc54)cc3c2cc1OC,10.1039/C1CC13690A,AORWRVFHDKMAPM-UHFFFAOYSA-N,polymer,bulk,PC71BM,-5.22,-3.44,1.78,1.63,0.62,0.66,2.76,34.0
Cc1nc(-c2nc(C)c(-c3ccc(-c4ccc(N(c5ccccc5)c5ccccc5)cc4)s3)s2)sc1-c1ccc(-c2ccc(N(c3ccccc3)c3ccccc3)cc2)s1,10.1002/adma.201200721,CFYRQRGALCKSIE-UHFFFAOYSA-N,molecule,bulk,PC71BM,-5.24,-2.84,2.4,2.21,1.27,0.81,4.69,33.5
COC(=O)c1cc2csc(-c3cccs3)c2s1,10.1039/C1EE01072G,KOPQXKJVGXFJKD-UHFFFAOYSA-N,polymer,bulk,PC61BM,-4.76,-3.26,1.5,1.22,1.0,nan,nan,nan
COC(=O)c1sc2csc(-c3sc4c(c3F)c(OC)c3scc(F)c3c4OC)c2c1F,10.1021/ja108601g,HBMYWBAPVYGVAQ-UHFFFAOYSA-N,polymer,bulk,PC61BM,-5.48,-3.59,1.89,1.73,2.7,0.75,9.1,39.4
N#CC(=Cc1ccc(C=C(c2ccc(N(c3ccccc3)c3ccccc3)cc2)c2ccc(N(c3ccccc3)c3ccccc3)cc2)s1)C(=O)O,10.1039/B908802D,ZHVRDRJNBRQRPJ-XKMRCYARSA-N,molecule,DSSC,TiO2,nan,nan,nan,nan,5.43,0.695,11.0,71.0
CN1C(=O)C2=C(c3ccc(-c4ccco4)o3)N(C)C(=O)C2=C1c1ccco1,10.1021/ja108115y,VOBBTKHEMVIONV-UHFFFAOYSA-N,polymer,bulk,PC71BM,-5.5,-3.8,1.7,1.35,4.1,nan,nan,nan
CN1C(=O)C2=C(c3ccc(C#Cc4cc5ccccc5c5ccccc45)s3)N(C)C(=O)C2=C1c1ccc(C#Cc2cc3ccccc3c3ccccc23)s1,10.1016/j.solmat.2011.05.006,GLMLTFFVEQWVKE-UHFFFAOYSA-N,molecule,bulk,PC71BM,-5.17,-3.51,1.66,1.61,1.72,0.77,3.92,57.0
COc1ccc(N(c2ccc(OC)cc2)c2ccc(-c3sc(C=C(C#N)C(=O)O)c4c3OCCO4)cc2)cc1,10.1039/c1ee01849c,YJKWLTJYYXDSRB-KDJFERLWSA-N,molecule,DSSC,TiO2,nan,nan,nan,nan,6.8,0.78,11.63,75.0
CC1(C)c2ccccc2-c2ccc(-c3ccc(-c4ccc(-c5cccs5)c5c4=NC(c4ccccc4)C(c4ccccc4)N=5)s3)cc21,10.1039/b9py00325h,GTTILLBBKAJYSH-UHFFFAOYSA-N,polymer,bulk,PC61BM,-5.6,-3.4,2.2,2.0,2.06,0.94,4.33,51.0
Cc1csc(-c2c3nsnc3c(-c3cc(C)c(-c4cc5c(s4)c(C)c4ccsc4c5C)s3)c(F)c2F)c1,10.1002/anie.201005451,PFQDSWMUBUODLU-UHFFFAOYSA-N,polymer,bulk,PC61BM,-5.54,-3.33,2.21,nan,7.2,0.91,12.91,61.2
CC1(C)c2ccccc2-c2ccc(-c3ccc(C4=C(c5ccccc5)C(c5ccccc5)=C(c5cccs5)[Si]4(C)C)s3)cc21,10.1021/ar900061z,KFVMXISUDWBOQO-UHFFFAOYSA-N,polymer,bulk,PC61BM,-5.71,-3.6,2.11,2.08,2.01,0.65,8.67,35.8
Cc1ccc(-c2c3ccsc3c(-c3ccc(C)s3)c3cc(-c4ccc(C5=C6C(=O)N(C)C(c7cccs7)=C6C(=O)N5C)s4)sc32)s1,10.1021/ar5000743,FIQSDHZNBUEQOK-UHFFFAOYSA-N,polymer,bulk,PC71BM,-5.295,-3.84,1.45,1.445,6.6,0.73,14.0,65.0
C[Si]1(C)c2ccccc2-c2ccc(-c3ccc(-c4ccc(-c5cccs5)c5nsnc54)s3)cc21,10.1039/b9py00325h,KSAPXMCRKXFLEP-UHFFFAOYSA-N,polymer,bulk,PC61BM,-5.4,nan,nan,1.8,5.4,0.9,9.5,51.0
N#CC(=Cc1ccc(C=Cc2ccc(-c3ccc(N(c4ccccc4)c4ccccc4)cc3)s2)s1)C(=O)O,10.1039/B908802D,ZVGFLVHIOZGBRL-SGVMFCADSA-N,molecule,DSSC,TiO2,nan,nan,nan,nan,2.73,0.635,6.55,66.0
C=Cc1cc(OC)c(C=Cc2ccc(N(c3ccccc3)c3ccc(C=C(C#N)c4ccc([N+](=O)[O-])cc4)cc3)cc2)cc1OC,10.1021/ma100943t,BXWZTSDIKYVFBE-OGVDJYGPSA-N,polymer,bulk,PC61BM,-5.2,-3.45,1.75,1.68,4.06,0.87,8.35,56.0
